Date,Close
2012-01-02,4397.080078
2012-01-03,4422.220215
2012-01-04,4487.77002
2012-01-05,4518.910156
2012-01-06,4483.359863
2012-01-10,4561.080078
2012-01-11,4645.859863
2012-01-12,4648.109863
2012-01-13,4613.830078
2012-01-16,4578.919922
2012-01-17,4642.759766
2012-01-18,4677.620117
2012-01-19,4700.370117
2012-01-20,4747.899902
2012-01-24,4714.350098
2012-01-25,4670.490234
2012-01-26,4611.680176
2012-01-27,4679.890137
2012-01-30,4644.490234
2012-01-31,4682.439941
2012-02-01,4715.640137
2012-02-02,4822.080078
2012-02-03,4758.569824
2012-02-06,4816.330078
2012-02-07,4755.97998
2012-02-08,4805.799805
2012-02-09,4769.620117
2012-02-10,4783.52002
2012-02-13,4802.029785
2012-02-14,4775.930176
2012-02-15,4772.470215
2012-02-16,4766.569824
2012-02-17,4880.709961
2012-02-20,4943.839844
2012-02-21,4900.939941
2012-02-22,4934.290039
2012-02-23,4893.47998
2012-02-24,4893
2012-02-27,4799.290039
2012-02-28,4820.430176
2012-02-29,4897.649902
2012-03-01,4938.609863
2012-03-02,5016.299805
2012-03-05,5030.580078
2012-03-06,4967.390137
2012-03-07,4921.359863
2012-03-08,4956.189941
2012-03-09,4980.709961
2012-03-12,4975.169922
2012-03-13,5005.75
2012-03-14,5050.990234
2012-03-15,5031.779785
2012-03-16,5145.890137
2012-03-19,5127
2012-03-20,5102.240234
2012-03-21,5037.939941
2012-03-22,5043.52002
2012-03-23,5042.439941
2012-03-26,5029.629883
2012-03-27,5078.100098
2012-03-28,5067.660156
2012-03-29,5085.240234
2012-03-30,5107.72998
2012-04-02,5110.859863
2012-04-03,5056.47998
2012-04-04,5038.919922
2012-04-10,5022.290039
2012-04-11,5017.439941
2012-04-12,5046.779785
2012-04-13,5097.299805
2012-04-16,5117.459961
2012-04-17,5157.279785
2012-04-18,5186.200195
2012-04-19,5173.279785
2012-04-20,5156.459961
2012-04-23,5163.089844
2012-04-24,5169.600098
2012-04-25,5204.839844
2012-04-26,5218.970215
2012-04-27,5169.049805
2012-04-30,5202.700195
2012-05-02,5228.839844
2012-05-03,5300.410156
2012-05-04,5297.549805
2012-05-07,5229.529785
2012-05-08,5242.060059
2012-05-09,5214.790039
2012-05-10,5192.100098
2012-05-11,5158.140137
2012-05-14,5083.620117
2012-05-15,4977.450195
2012-05-16,4864.22998
2012-05-17,5017.02002
2012-05-18,4879.419922
2012-05-21,4954
2012-05-22,4958.430176
2012-05-23,4928.529785
2012-05-24,4904.220215
2012-05-25,4925.970215
2012-05-28,4952.740234
2012-05-29,5023.109863
2012-05-30,5018.319824
2012-05-31,5091.22998
2012-06-01,5062.439941
2012-06-04,4890.200195
2012-06-05,4925.669922
2012-06-06,4966.580078
2012-06-07,5022.950195
2012-06-08,4994.069824
2012-06-11,5075.850098
2012-06-13,5109.609863
2012-06-14,5020.850098
2012-06-15,4930.629883
2012-06-18,5050.410156
2012-06-19,5081.609863
2012-06-20,5146.459961
2012-06-21,5109.430176
2012-06-22,5120.069824
2012-06-25,5167.200195
2012-06-26,5193.839844
2012-06-27,5257.919922
2012-06-28,5256.149902
2012-06-29,5246.410156
2012-07-02,5300.240234
2012-07-03,5365.700195
2012-07-04,5354.720215
2012-07-05,5369.97998
2012-07-06,5362.680176
2012-07-09,5263.740234
2012-07-10,5240.279785
2012-07-11,5235.439941
2012-07-12,5205.189941
2012-07-13,5214.52002
2012-07-16,5297.990234
2012-07-17,5285.120117
2012-07-18,5220.549805
2012-07-19,5189.370117
2012-07-20,5210.890137
2012-07-23,5139.399902
2012-07-24,5159.740234
2012-07-25,5161.799805
2012-07-26,5152.560059
2012-07-27,5219.549805
2012-07-30,5277.899902
2012-07-31,5307.660156
2012-08-01,5298.720215
2012-08-02,5293.399902
2012-08-03,5285.910156
2012-08-06,5284.160156
2012-08-08,5308.669922
2012-08-09,5256.609863
2012-08-10,5263.350098
2012-08-13,5271.779785
2012-08-14,5265.939941
2012-08-15,5266.660156
2012-08-16,5219.509766
2012-08-17,5206.810059
2012-08-22,5152.149902
2012-08-23,5202.839844
2012-08-24,5143.350098
2012-08-28,5175.620117
2012-08-29,5195.720215
2012-08-30,5149.310059
2012-08-31,5196.189941
2012-09-03,5219.080078
2012-09-04,5175.870117
2012-09-05,5150.810059
2012-09-06,5150.109863
2012-09-07,5201.319824
2012-09-10,5190.810059
2012-09-11,5186.049805
2012-09-12,5207.100098
2012-09-13,5240.5
2012-09-14,5322.470215
2012-09-17,5350.899902
2012-09-18,5331.129883
2012-09-19,5317.029785
2012-09-20,5294.970215
2012-09-21,5292.060059
2012-09-24,5325.600098
2012-09-25,5325.169922
2012-09-26,5292.629883
2012-09-27,5301.490234
2012-09-28,5346.100098
2012-10-01,5308.52002
2012-10-02,5348.680176
2012-10-03,5375.52002
2012-10-04,5443.740234
2012-10-05,5439.839844
2012-10-08,5434.129883
2012-10-09,5394.899902
2012-10-10,5369.600098
2012-10-11,5353.470215
2012-10-12,5369.720215
2012-10-15,5383.220215
2012-10-16,5399.939941
2012-10-17,5438.379883
2012-10-18,5435.939941
2012-10-19,5432.359863
2012-10-22,5424.790039
2012-10-23,5432.319824
2012-10-24,5398.689941
2012-10-25,5405.160156
2012-10-29,5397.419922
2012-10-30,5426.669922
2012-10-31,5424.509766
2012-11-05,5457.819824
2012-11-06,5473.609863
2012-11-07,5437.290039
2012-11-08,5446.709961
2012-11-09,5468.790039
2012-11-12,5470.700195
2012-11-13,5455.919922
2012-11-14,5451.089844
2012-11-15,5414.819824
2012-11-16,5439.279785
2012-11-19,5449.549805
2012-11-20,5500.580078
2012-11-21,5534.180176
2012-11-22,5513.370117
2012-11-23,5552.339844
2012-11-26,5579.419922
2012-11-27,5586.450195
2012-11-28,5633.720215
2012-11-29,5640.450195
2012-12-03,5672.700195
2012-12-04,5706.279785
2012-12-05,5687.720215
2012-12-06,5763.640137
2012-12-07,5794.200195
2012-12-10,5757.540039
2012-12-11,5831.5
2012-12-12,5819.790039
2012-12-13,5787.950195
2012-12-14,5707.109863
2012-12-17,5623.850098
2012-12-18,5636.589844
2012-12-19,5752.390137
2012-12-20,5797.740234
2012-12-21,5823.939941
2012-12-26,5832.830078
2012-12-27,5794.890137
2012-12-28,5812.72998
2013-01-02,5860.990234
2013-01-03,5934.049805
2013-01-04,5971.450195
2013-01-07,6044.910156
2013-01-08,6048.899902
2013-01-09,6091.180176
2013-01-10,6018.569824
2013-01-11,6051.75
2013-01-14,6093.899902
2013-01-15,6087.669922
2013-01-16,6047.52002
2013-01-17,6072.180176
2013-01-18,6139.209961
2013-01-21,6171.700195
2013-01-22,6104.899902
2013-01-23,6092.529785
2013-01-24,6117.27002
2013-01-25,6167.640137
2013-01-28,6192.419922
2013-01-29,6234.72998
2013-01-30,6271.22998
2013-01-31,6242.740234
2013-02-01,6318.609863
2013-02-04,6435.97998
2013-02-05,6470.490234
2013-02-06,6431.350098
2013-02-07,6459.990234
2013-02-08,6458.669922
2013-02-11,6458.009766
2013-02-12,6459.930176
2013-02-13,6527.990234
2013-02-14,6513.410156
2013-02-15,6521.640137
2013-02-18,6565.22998
2013-02-19,6620.720215
2013-02-20,6648.569824
2013-02-21,6667.410156
2013-02-22,6665.060059
2013-02-25,6721.330078
2013-02-26,6630.669922
2013-02-27,6616.27002
2013-02-28,6721.450195
2013-03-01,6642.27002
2013-03-04,6637.560059
2013-03-05,6711.720215
2013-03-06,6835.209961
2013-03-07,6725.129883
2013-03-08,6833.77002
2013-03-11,6813.950195
2013-03-12,6786.419922
2013-03-13,6776.560059
2013-03-14,6694.709961
2013-03-15,6654.600098
2013-03-18,6536.180176
2013-03-19,6426.25
2013-03-20,6419.620117
2013-03-21,6472.97998
2013-03-22,6518.709961
2013-03-25,6597.589844
2013-03-26,6665.120117
2013-03-27,6847.470215
2013-04-01,6839.589844
2013-04-02,6748.430176
2013-04-03,6815.299805
2013-04-04,6783.720215
2013-04-05,6727.140137
2013-04-08,6732.220215
2013-04-10,6815.839844
2013-04-11,6831.740234
2013-04-12,6891.430176
2013-04-15,6837.77002
2013-04-16,6786.330078
2013-04-17,6850.259766
2013-04-18,6857.47998
2013-04-19,6957.100098
2013-04-22,7120.47998
2013-04-23,6982.359863
2013-04-24,6972.689941
2013-04-25,6995.459961
2013-04-26,7025.439941
2013-04-29,7028.350098
2013-04-30,7070.990234
2013-05-02,7093.419922
2013-05-03,7215.350098
2013-05-06,7170.649902
2013-05-07,7146.120117
2013-05-08,7181.299805
2013-05-09,7194.430176
2013-05-10,7262.379883
2013-05-14,7313.459961
2013-05-15,7392.200195
2013-05-16,7310.939941
2013-05-17,7279.870117
2013-05-20,7275.379883
2013-05-21,7327.580078
2013-05-22,7385.069824
2013-05-23,7314.379883
2013-05-24,7268.910156
2013-05-27,7097.509766
2013-05-28,7113.220215
2013-05-29,7228.569824
2013-05-30,6953.350098
2013-05-31,7021.950195
2013-06-03,6763.379883
2013-06-04,6673.470215
2013-06-05,6557.890137
2013-06-06,6609.009766
2013-06-07,6701.950195
2013-06-10,6875.600098
2013-06-11,6556.649902
2013-06-13,6114.080078
2013-06-14,6242.259766
2013-06-17,6339.410156
2013-06-18,6518.77002
2013-06-19,6513.200195
2013-06-20,6326.669922
2013-06-21,6182.169922
2013-06-24,5971.049805
2013-06-25,5789.060059
2013-06-26,6118.939941
2013-06-27,6328
2013-06-28,6465.279785
2013-07-01,6526.620117
2013-07-02,6448.180176
2013-07-03,6480.120117
2013-07-04,6464.259766
2013-07-05,6500.47998
2013-07-08,6318.910156
2013-07-09,6327.02002
2013-07-10,6308.180176
2013-07-11,6407.359863
2013-07-12,6574.209961
2013-07-15,6619.950195
2013-07-16,6583.549805
2013-07-17,6574.720215
2013-07-18,6648.350098
2013-07-19,6621.02002
2013-07-22,6627.359863
2013-07-23,6743.209961
2013-07-24,6804.160156
2013-07-25,6800.109863
2013-07-26,6763.620117
2013-07-29,6717.660156
2013-07-30,6728
2013-07-31,6639.120117
2013-08-01,6661.439941
2013-08-02,6533.950195
2013-08-05,6509.72998
2013-08-06,6420.779785
2013-08-07,6420.790039
2013-08-08,6404.22998
2013-08-12,6443.810059
2013-08-13,6554.620117
2013-08-14,6656.609863
2013-08-15,6580.709961
2013-08-16,6525.950195
2013-08-19,null
2013-08-20,null
2013-08-22,6136.72998
2013-08-23,6161.209961
2013-08-27,5916.990234
2013-08-28,5738.060059
2013-08-29,5944.209961
2013-08-30,6075.169922
2013-09-02,6061.799805
2013-09-03,6083.910156
2013-09-04,5968.330078
2013-09-05,5959.220215
2013-09-06,5974.620117
2013-09-09,5997.040039
2013-09-10,6089.720215
2013-09-11,6214.899902
2013-09-12,6195.609863
2013-09-13,6133.240234
2013-09-16,6302.709961
2013-09-17,6344.140137
2013-09-18,6333.959961
2013-09-19,6511.700195
2013-09-20,6424.450195
2013-09-23,6477.939941
2013-09-24,6461.379883
2013-09-25,6420.419922
2013-09-26,6407.459961
2013-09-27,6379.810059
2013-09-30,6191.799805
2013-10-01,6197.839844
2013-10-02,6362.259766
2013-10-03,6387.649902
2013-10-04,6390.47998
2013-10-07,6443.209961
2013-10-08,6454.859863
2013-10-09,6377.75
2013-10-10,6435.970215
2013-10-11,6489.799805
2013-10-14,6442.700195
2013-10-16,6483.569824
2013-10-17,6560.879883
2013-10-18,6607.830078
2013-10-21,6597.560059
2013-10-22,6603.600098
2013-10-23,6635.109863
2013-10-24,6583.77002
2013-10-25,6539.810059
2013-10-29,6543.459961
2013-10-30,6597.209961
2013-10-31,6585.379883
2013-11-04,6543.390137
2013-11-05,6519.580078
2013-11-06,6477.299805
2013-11-07,6436.490234
2013-11-08,6355.180176
2013-11-11,6265.22998
2013-11-12,6324.169922
2013-11-13,6320.959961
2013-11-14,6327.879883
2013-11-15,6346.399902
2013-11-18,6343.25
2013-11-19,6267.850098
2013-11-20,6155.339844
2013-11-21,6122.890137
2013-11-22,6084.839844
2013-11-25,6004.259766
2013-11-26,6025.370117
2013-11-27,6053.870117
2013-11-28,6169.959961
2013-11-29,6208.819824
2013-12-02,6223.370117
2013-12-03,6179.5
2013-12-04,6105.22998
2013-12-05,6030.950195
2013-12-06,6014.939941
2013-12-09,6008.939941
2013-12-10,5886.399902
2013-12-11,5888.740234
2013-12-12,5762.529785
2013-12-13,5767.129883
2013-12-16,5812.540039
2013-12-17,5928.990234
2013-12-18,5961.549805
2013-12-19,5923.120117
2013-12-20,5835.129883
2013-12-23,5854.879883
2013-12-26,5878.319824
2013-12-27,5889.830078
2014-01-02,5984.259766
2014-01-03,5947.930176
2014-01-06,5985.810059
2014-01-07,5947.439941
2014-01-08,5986.47998
2014-01-09,5937.509766
2014-01-10,5842.879883
2014-01-13,5940.669922
2014-01-14,5935.560059
2014-01-15,5958.120117
2014-01-16,5982.240234
2014-01-17,5987.089844
2014-01-20,6005.600098
2014-01-21,6019.240234
2014-01-22,6139.859863
2014-01-23,6170.049805
2014-01-24,6191.5
2014-01-27,6081.609863
2014-01-28,6022.810059
2014-01-29,6069.839844
2014-01-30,6041.189941
2014-02-03,6015.299805
2014-02-04,5886.009766
2014-02-05,5908.410156
2014-02-06,5914.589844
2014-02-07,6011.140137
2014-02-10,6042.25
2014-02-11,6106.029785
2014-02-12,6112.310059
2014-02-13,6101.720215
2014-02-14,6113.660156
2014-02-17,null
2014-02-18,6193.970215
2014-02-19,6294.620117
2014-02-20,6352.759766
2014-02-21,6308.359863
2014-02-24,6296.319824
2014-02-26,6322.600098
2014-02-27,6354.790039
2014-02-28,6424.990234
2014-03-03,6407.52002
2014-03-04,6394.600098
2014-03-05,6456.140137
2014-03-06,6516.819824
2014-03-07,6481.830078
2014-03-10,6487.22998
2014-03-11,6529.580078
2014-03-12,6462.470215
2014-03-13,6429.790039
2014-03-14,6391.240234
2014-03-17,6399.990234
2014-03-18,6466.549805
2014-03-19,6462.490234
2014-03-20,6417.350098
2014-03-21,6339.259766
2014-03-24,6400.669922
2014-03-25,6336.339844
2014-03-26,6348.5
2014-03-27,6315.689941
2014-03-28,6359.620117
2014-03-31,6428.709961
2014-04-01,6514.720215
2014-04-02,6587.720215
2014-04-03,6587.080078
2014-04-04,6561.200195
2014-04-07,6614.399902
2014-04-08,6587.490234
2014-04-10,6638.890137
2014-04-11,6596.959961
2014-04-14,6589.549805
2014-04-15,6621.660156
2014-04-16,6671.180176
2014-04-21,6767.509766
2014-04-22,6784.950195
2014-04-23,6769.52002
2014-04-24,6731.330078
2014-04-25,6685.100098
2014-04-28,6604.350098
2014-04-29,6636.450195
2014-04-30,6707.910156
2014-05-02,6742.970215
2014-05-05,6766.459961
2014-05-06,6765.930176
2014-05-07,6748.509766
2014-05-08,6765.209961
2014-05-09,6847.259766
2014-05-12,6811.339844
2014-05-13,6852.810059
2014-05-14,6880.439941
2014-05-15,6849.330078
2014-05-16,6817.709961
2014-05-19,6870.899902
2014-05-20,6882.72998
2014-05-21,6762.379883
2014-05-22,6830.580078
2014-05-23,6811.330078
2014-05-26,6790.419922
2014-05-27,6780.259766
2014-05-28,6787.879883
2014-05-29,6676.669922
2014-05-30,6647.649902
2014-06-02,6710.399902
2014-06-03,6800.839844
2014-06-04,6766.569824
2014-06-05,6772.439941
2014-06-06,6762.620117
2014-06-09,6802.72998
2014-06-10,6777.97998
2014-06-11,6809.180176
2014-06-13,6784.950195
2014-06-16,6758.450195
2014-06-17,6704.930176
2014-06-18,6703.129883
2014-06-19,6699.390137
2014-06-20,6730.959961
2014-06-23,6761.990234
2014-06-24,6793.069824
2014-06-25,6834.680176
2014-06-26,6892.180176
2014-06-27,6842.149902
2014-06-30,6844.310059
2014-07-01,6826.609863
2014-07-02,6850.600098
2014-07-03,6899.310059
2014-07-04,6962.279785
2014-07-07,6999.100098
2014-07-08,6948.52002
2014-07-09,6903.790039
2014-07-10,6937.209961
2014-07-11,6901.089844
2014-07-14,6830.370117
2014-07-15,6834.040039
2014-07-16,null
2014-07-17,6867.359863
2014-07-18,6853.069824
2014-07-21,6874.879883
2014-07-22,6869.939941
2014-07-23,6892.919922
2014-07-24,6889.890137
2014-07-25,6889.549805
2014-07-28,6850.470215
2014-07-29,null
2014-07-30,6867.589844
2014-07-31,6864.819824
2014-08-01,6894.22998
2014-08-04,6998.370117
2014-08-05,6974
2014-08-06,6948.970215
2014-08-07,6955.209961
2014-08-08,6880.339844
2014-08-11,6956.660156
2014-08-12,6983.490234
2014-08-13,6986.240234
2014-08-14,7061
2014-08-15,7008.509766
2014-08-18,7027.580078
2014-08-19,7082.75
2014-08-20,7096.490234
2014-08-22,7133.089844
2014-08-26,7146.350098
2014-08-27,7160.459961
2014-08-28,7100.700195
2014-08-29,7050.890137
2014-09-01,7083.490234
2014-09-02,7106.560059
2014-09-03,7206.02002
2014-09-04,7204.109863
2014-09-05,7263.580078
2014-09-08,7314.939941
2014-09-09,7253.669922
2014-09-10,7212.779785
2014-09-11,7202.060059
2014-09-12,7201.879883
2014-09-15,7161.27002
2014-09-16,7180.339844
2014-09-17,7231.839844
2014-09-18,7287.290039
2014-09-19,null
2014-09-22,7279.859863
2014-09-23,7271.620117
2014-09-24,7355.290039
2014-09-25,7294.209961
2014-09-26,7261.299805
2014-09-29,7265.359863
2014-09-30,7283.069824
2014-10-01,7268.060059
2014-10-02,7196.259766
2014-10-03,7247.029785
2014-10-06,null
2014-10-07,7239.379883
2014-10-08,7185.680176
2014-10-09,7201.890137
2014-10-10,7167.350098
2014-10-13,6968.089844
2014-10-14,6946.060059
2014-10-15,6991.189941
2014-10-16,7028.580078
2014-10-17,7003.220215
2014-10-20,7057.529785
2014-10-21,7068.029785
2014-10-22,7154.220215
2014-10-23,7116.129883
2014-10-24,7103.549805
2014-10-27,7103.540039
2014-10-28,7066.740234
2014-10-29,7093.310059
2014-10-30,7170.990234
2014-10-31,7215.72998
2014-11-03,7312.850098
2014-11-04,7222.009766
2014-11-05,7208.810059
2014-11-06,7236.629883
2014-11-07,7205.720215
2014-11-10,7192.120117
2014-11-11,7204.549805
2014-11-12,7232.870117
2014-11-13,7198.629883
2014-11-14,7217.339844
2014-11-17,7229.720215
2014-11-18,7275.660156
2014-11-19,7269.490234
2014-11-20,7268.950195
2014-11-21,7276.180176
2014-11-24,7325.129883
2014-11-25,7286.850098
2014-11-26,7356.589844
2014-11-27,7265.339844
2014-11-28,7294.379883
2014-12-01,7331.72998
2014-12-02,7344.22998
2014-12-03,7360.75
2014-12-04,7299.850098
2014-12-05,7230.560059
2014-12-08,null
2014-12-09,7183.870117
2014-12-10,7175.080078
2014-12-11,7072.100098
2014-12-12,7224.209961
2014-12-15,7275.620117
2014-12-16,7160.379883
2014-12-17,6966.209961
2014-12-18,7029.279785
2014-12-19,7125.629883
2014-12-22,7139.27002
2014-12-23,7186.319824
2014-12-29,7230.569824
2015-01-05,7276.629883
2015-01-06,7277.740234
2015-01-07,7309.700195
2015-01-08,7367.629883
2015-01-09,7402.720215
2015-01-12,7358.359863
2015-01-13,7399
2015-01-14,7490.879883
2015-01-15,null
2015-01-16,null
2015-01-19,7485.319824
2015-01-20,7452.810059
2015-01-21,7474.100098
2015-01-22,7416.310059
2015-01-23,7548.930176
2015-01-26,7586.669922
2015-01-27,7630.569824
2015-01-28,7661.180176
2015-01-29,7617.299805
2015-01-30,7689.910156
2015-02-02,7630.709961
2015-02-03,7613.149902
2015-02-04,7716.060059
2015-02-05,7674.240234
2015-02-06,7728.180176
2015-02-09,7782.569824
2015-02-10,7723.140137
2015-02-11,7686.430176
2015-02-12,7714.549805
2015-02-13,7773.450195
2015-02-16,7784.649902
2015-02-17,7793.399902
2015-02-18,7803.450195
2015-02-20,7825.390137
2015-02-23,7826.069824
2015-02-24,7834.859863
2015-02-25,7844.060059
2015-02-26,7764.390137
2015-02-27,7730.569824
2015-03-02,7773.919922
2015-03-03,7776.509766
2015-03-04,7847.830078
2015-03-05,7819.040039
2015-03-06,7861.330078
2015-03-09,7820.290039
2015-03-10,7828.47998
2015-03-11,7790.700195
2015-03-12,7839.819824
2015-03-13,7809.540039
2015-03-16,7730.950195
2015-03-17,7789.100098
2015-03-18,7756.580078
2015-03-19,7814.549805
2015-03-20,7818.379883
2015-03-23,7840.490234
2015-03-24,7828.939941
2015-03-25,7836.339844
2015-03-26,7871.100098
2015-03-27,7877.959961
2015-03-30,7899.410156
2015-03-31,7940.490234
2015-04-01,7993.089844
2015-04-06,8053.740234
2015-04-07,8098.680176
2015-04-08,8052.689941
2015-04-10,8127.47998
2015-04-13,8073.25
2015-04-14,8056.490234
2015-04-15,7906.459961
2015-04-16,7948.200195
2015-04-17,7946.890137
2015-04-20,7865.27002
2015-04-21,7846.939941
2015-04-22,7833.029785
2015-04-23,7892.049805
2015-04-24,7947.25
2015-04-27,7958.069824
2015-04-28,7886.569824
2015-04-29,7825.470215
2015-04-30,7714.819824
2015-05-04,7816.439941
2015-05-05,7919.209961
2015-05-06,7873.640137
2015-05-07,7816.27002
2015-05-08,7763.209961
2015-05-11,7777.899902
2015-05-12,7794.549805
2015-05-13,7808.350098
2015-05-14,7831.439941
2015-05-15,7881.950195
2015-05-18,7910.430176
2015-05-19,7871.310059
2015-05-20,7881.930176
2015-05-21,7835.379883
2015-05-22,7810.169922
2015-05-25,7761.529785
2015-05-26,7728.5
2015-05-27,7598.700195
2015-05-28,7505.029785
2015-05-29,7580.459961
2015-06-01,7670.370117
2015-06-02,7551.959961
2015-06-03,7561.669922
2015-06-04,7553.649902
2015-06-05,7526.700195
2015-06-08,7484.890137
2015-06-09,7323.439941
2015-06-10,7384.27002
2015-06-11,7503.720215
2015-06-15,7456.160156
2015-06-16,7505.47998
2015-06-17,7536.310059
2015-06-18,7606.859863
2015-06-19,7601.169922
2015-06-22,7609.140137
2015-06-23,7551.560059
2015-06-24,7643.330078
2015-06-25,7581.910156
2015-06-26,7622.049805
2015-06-29,7567.379883
2015-06-30,7564.5
2015-07-01,7575.149902
2015-07-02,7578.310059
2015-07-03,7535.299805
2015-07-06,7455.149902
2015-07-07,7442.649902
2015-07-08,7363.430176
2015-07-09,7377.689941
2015-07-10,7392.589844
2015-07-13,7496.330078
2015-07-14,7538.759766
2015-07-15,7559.040039
2015-07-16,7617.129883
2015-07-17,null
2015-07-20,7541.169922
2015-07-21,7627.959961
2015-07-22,7635.620117
2015-07-23,7653.220215
2015-07-24,7665.52002
2015-07-27,7547.439941
2015-07-28,7479.029785
2015-07-29,7482.830078
2015-07-30,7510.390137
2015-07-31,7550
2015-08-03,7573.259766
2015-08-04,7598.290039
2015-08-05,7662.549805
2015-08-06,7589.950195
2015-08-07,7532.52002
2015-08-10,7534.350098
2015-08-11,7570.450195
2015-08-12,7495.430176
2015-08-13,7439.799805
2015-08-14,7408.439941
2015-08-17,7336.839844
2015-08-18,7333.450195
2015-08-19,7344.72998
2015-08-20,7278.97998
2015-08-24,6791.009766
2015-08-25,6830.339844
2015-08-26,6867.919922
2015-08-27,7022.089844
2015-08-28,7098.810059
2015-09-01,7086.859863
2015-09-02,7072.459961
2015-09-03,7098.759766
2015-09-04,7051.779785
2015-09-07,6926.819824
2015-09-08,6891.299805
2015-09-09,6942.470215
2015-09-10,6893.540039
2015-09-11,6911.379883
2015-09-14,7069.180176
2015-09-15,7089.009766
2015-09-16,7093.919922
2015-09-17,7123.990234
2015-09-18,7131.910156
2015-09-21,7092.410156
2015-09-22,7051.22998
2015-09-23,6926.910156
2015-09-24,6917.549805
2015-09-25,null
2015-09-28,6815.589844
2015-09-29,6859.290039
2015-09-30,6893.97998
2015-10-01,6890.939941
2015-10-02,6850.609863
2015-10-05,6961.930176
2015-10-06,7055.490234
2015-10-07,7108.799805
2015-10-08,7106.790039
2015-10-09,7138.910156
2015-10-12,7150.290039
2015-10-13,7013.439941
2015-10-14,6924.77002
2015-10-15,7045.399902
2015-10-16,7055.740234
2015-10-19,7054.859863
2015-10-20,7060.850098
2015-10-21,7092.899902
2015-10-22,7117.779785
2015-10-23,7236.379883
2015-10-26,7324.399902
2015-10-27,7325.759766
2015-10-28,7289.259766
2015-10-29,7189.25
2015-10-30,7134.259766
2015-11-02,null
2015-11-03,7210.72998
2015-11-04,7201.02002
2015-11-05,7122.450195
2015-11-06,7118.200195
2015-11-09,7070.189941
2015-11-10,7000.109863
2015-11-11,6983.720215
2015-11-12,6909.819824
2015-11-13,6897.77002
2015-11-16,6772.919922
2015-11-17,6825.379883
2015-11-18,null
2015-11-19,null
2015-11-20,6932.810059
2015-11-23,6996.189941
2015-11-24,6992.600098
2015-11-25,7059.140137
2015-11-26,7063.25
2015-11-27,6927.069824
2015-12-01,7060.600098
2015-12-02,7047.080078
2015-12-03,6994.100098
2015-12-04,6921.930176
2015-12-07,6911.859863
2015-12-08,6838.419922
2015-12-09,6848.25
2015-12-10,6820.600098
2015-12-11,6735.009766
2015-12-14,6745.990234
2015-12-15,6701.350098
2015-12-16,6807.720215
2015-12-17,6905.700195
2015-12-18,6867.069824
2015-12-21,6910.339844
2015-12-22,6966.180176
2015-12-23,7002.419922
2015-12-28,6983.609863
2015-12-29,6952.080078
2016-01-04,6833.419922
2016-01-05,6835.129883
2016-01-06,6813.899902
2016-01-07,6618.879883
2016-01-08,6575.430176
2016-01-11,6288.259766
2016-01-12,6330.549805
2016-01-13,6494.129883
2016-01-14,6408.759766
2016-01-15,6449.5
2016-01-18,6335.089844
2016-01-19,6357.049805
2016-01-20,6259.609863
2016-01-21,6084.279785
2016-01-22,6208.049805
2016-01-25,6434.080078
2016-01-26,6311.600098
2016-01-27,6507.220215
2016-01-28,6563.379883
2016-01-29,6687.620117
2016-02-01,6701.359863
2016-02-02,6642.450195
2016-02-03,6521.47998
2016-02-04,6652.830078
2016-02-05,6765.129883
2016-02-09,6637.430176
2016-02-10,6637.47998
2016-02-11,6663.430176
2016-02-12,6654.450195
2016-02-15,6692.580078
2016-02-16,6743.950195
2016-02-17,6756.819824
2016-02-18,6848.870117
2016-02-19,6792.060059
2016-02-22,6783.080078
2016-02-23,6819.339844
2016-02-24,6769.259766
2016-02-26,6771.299805
2016-02-29,6671.040039
2016-03-01,6729.529785
2016-03-02,6882.450195
2016-03-03,6963.439941
2016-03-04,6899.069824
2016-03-07,6892.689941
2016-03-08,6915.509766
2016-03-09,6948.180176
2016-03-10,7048.080078
2016-03-11,7098.640137
2016-03-14,7112.890137
2016-03-15,7148.259766
2016-03-16,7065.390137
2016-03-17,7210.899902
2016-03-18,7306.740234
2016-03-21,7376.410156
2016-03-22,7342.029785
2016-03-23,7360.049805
2016-03-28,7334.52002
2016-03-29,7274.399902
2016-03-30,7299.22998
2016-03-31,7262.299805
2016-04-01,7245.129883
2016-04-04,7254.529785
2016-04-05,7219.22998
2016-04-06,7180.549805
2016-04-07,7232.970215
2016-04-08,7247.200195
2016-04-11,7291.430176
2016-04-12,7306.560059
2016-04-13,7341
2016-04-14,7357.279785
2016-04-15,7321.299805
2016-04-18,7243.399902
2016-04-19,7215.089844
2016-04-20,7201.370117
2016-04-21,7257.850098
2016-04-22,7255.390137
2016-04-25,7250.129883
2016-04-26,7211.919922
2016-04-27,7180.529785
2016-04-28,7162.560059
2016-04-29,7159.290039
2016-05-02,7053.879883
2016-05-03,7046.569824
2016-05-04,7081.859863
2016-05-05,6999.75
2016-05-06,6991.870117
2016-05-09,null
2016-05-10,7174.879883
2016-05-11,7396.52002
2016-05-12,7325.040039
2016-05-13,7436.790039
2016-05-16,7511.740234
2016-05-17,7524.839844
2016-05-18,7534.299805
2016-05-19,7427.330078
2016-05-20,7299.029785
2016-05-23,7306.689941
2016-05-24,7356.720215
2016-05-25,7463.950195
2016-05-26,7376.379883
2016-05-27,7411.680176
2016-05-30,7464.339844
2016-05-31,7401.600098
2016-06-01,7500.790039
2016-06-02,7464.589844
2016-06-03,7514.220215
2016-06-06,7598.220215
2016-06-07,7710.540039
2016-06-08,7722.790039
2016-06-09,7536.649902
2016-06-10,7509.939941
2016-06-13,7554.399902
2016-06-14,7460.120117
2016-06-15,7501.649902
2016-06-16,7564.470215
2016-06-17,7622.069824
2016-06-20,7665.330078
2016-06-21,7767.22998
2016-06-22,7756.370117
2016-06-23,7729.779785
2016-06-24,7629.720215
2016-06-27,7715.899902
2016-06-28,7666.689941
2016-06-29,7798.529785
2016-06-30,7796.25
2016-07-01,7830.350098
2016-07-04,7846.540039
2016-07-05,7808.129883
2016-07-06,null
2016-07-07,7753.459961
2016-07-08,7771.52002
2016-07-11,7865.27002
2016-07-12,7937.950195
2016-07-13,7944.02002
2016-07-14,7956.140137
2016-07-15,8030.060059
2016-07-18,7986.25
2016-07-19,8036.009766
2016-07-20,8051.970215
2016-07-21,8102.299805
2016-07-22,8025.350098
2016-07-25,8049.129883
2016-07-26,8024.540039
2016-07-27,8100.47998
2016-07-28,8024.97998
2016-07-29,7963.109863
2016-08-01,8069.810059
2016-08-02,8037.779785
2016-08-03,7888.439941
2016-08-04,7978.569824
2016-08-05,7970.350098
2016-08-08,7993.580078
2016-08-09,8055.060059
2016-08-10,8051.399902
2016-08-11,7981.350098
2016-08-12,7955.859863
2016-08-15,7960.169922
2016-08-16,7983.379883
2016-08-17,7946.189941
2016-08-18,7952.810059
2016-08-19,7930.75
2016-08-22,7981.209961
2016-08-23,7935.180176
2016-08-24,7866.129883
2016-08-25,7854.540039
2016-08-26,7845.490234
2016-08-30,7794.930176
2016-08-31,7787.370117
2016-09-01,7773.310059
2016-09-02,7807.419922
2016-09-05,7764.049805
2016-09-06,7719.180176
2016-09-07,7619.100098
2016-09-08,7667.069824
2016-09-09,7581.790039
2016-09-12,null
2016-09-13,7550.27002
2016-09-14,7546.009766
2016-09-15,7708.419922
2016-09-16,7553.759766
2016-09-19,7575.839844
2016-09-20,7671.720215
2016-09-21,7675.419922
2016-09-22,7762.350098
2016-09-23,7723.600098
2016-09-26,7632.459961
2016-09-27,7557.339844
2016-09-28,7586.959961
2016-09-29,7714.859863
2016-09-30,7629.72998
2016-10-03,7677.72998
2016-10-04,7719.240234
2016-10-05,7639.790039
2016-10-06,7620.160156
2016-10-07,7578.290039
2016-10-10,7534.709961
2016-10-11,7520.819824
2016-10-12,7429.819824
2016-10-13,7312.180176
2016-10-14,7389.299805
2016-10-17,7358.209961
2016-10-18,7571.149902
2016-10-19,7721.569824
2016-10-20,7713.319824
2016-10-21,7650.220215
2016-10-24,7609.310059
2016-10-25,7580.220215
2016-10-26,7494.410156
2016-10-27,7445.140137
2016-10-28,7404.799805
2016-11-02,7252.399902
2016-11-03,7160.910156
2016-11-04,7227.370117
2016-11-07,7197.189941
2016-11-08,7307.799805
2016-11-09,7119.040039
2016-11-10,7181.870117
2016-11-11,6975.089844
2016-11-14,6871.47998
2016-11-15,6857.149902
2016-11-16,6966.279785
2016-11-17,7050.120117
2016-11-18,7067.72998
2016-11-21,6979.060059
2016-11-22,6802.72998
2016-11-23,6836.640137
2016-11-24,6873.310059
2016-11-25,6889.779785
2016-11-28,6825.399902
2016-11-29,6781.200195
2016-12-01,6864.870117
2016-12-02,6886.740234
2016-12-05,6776.410156
2016-12-06,6806.140137
2016-12-07,6866.810059
2016-12-08,7022.379883
2016-12-09,7043.160156
2016-12-12,6868.890137
2016-12-13,6880.910156
2016-12-14,6928.339844
2016-12-15,6855.310059
2016-12-16,6850.709961
2016-12-19,6714.129883
2016-12-20,6658.660156
2016-12-21,6686.359863
2016-12-22,6587.169922
2016-12-23,6563.669922
2016-12-26,null
2016-12-27,6658.200195
2016-12-28,6846.439941
2016-12-29,6840.640137
2017-01-03,6861.310059
2017-01-04,7030.950195
2017-01-05,7209.439941
2017-01-06,7248.200195
2017-01-09,7276.339844
2017-01-10,7364.339844
2017-01-11,7321.819824
2017-01-12,7264.549805
2017-01-13,7238.52002
2017-01-16,7238.450195
2017-01-17,7123.330078
2017-01-18,7156.359863
2017-01-19,7246.080078
2017-01-20,7232.660156
2017-01-23,7374.350098
2017-01-24,7370.649902
2017-01-25,7323.359863
2017-01-26,7332.640137
2017-01-27,7333.669922
2017-01-30,7336.709961
2017-01-31,7229.660156
2017-02-01,7227.450195
2017-02-02,7225.910156
2017-02-03,7226.700195
2017-02-06,7294.399902
2017-02-07,7262.640137
2017-02-08,7234.819824
2017-02-09,7252.660156
2017-02-10,7235.209961
2017-02-13,7294.669922
2017-02-14,7206.839844
2017-02-15,7174.299805
2017-02-16,7283.25
2017-02-17,7244.790039
2017-02-20,7281.189941
2017-02-21,7282.680176
2017-02-22,7304.450195
2017-02-23,7335.560059
2017-02-24,7258.990234
2017-02-27,7232.470215
2017-02-28,7212.089844
2017-03-01,7170.700195
2017-03-02,7234.939941
2017-03-03,7247.120117
2017-03-06,7313.870117
2017-03-07,7294.52002
2017-03-08,7294.560059
2017-03-09,7295.450195
2017-03-10,7146.27002
2017-03-13,7233.089844
2017-03-14,7261.75
2017-03-15,7253.790039
2017-03-16,7278.600098
2017-03-17,7345.02002
2017-03-20,7316.569824
2017-03-21,7323.310059
2017-03-22,7254.930176
2017-03-23,7301.029785
2017-03-24,7269.620117
2017-03-27,7245.970215
2017-03-28,7331.459961
2017-03-29,7324
2017-03-30,7332.589844
2017-03-31,7311.720215
2017-04-03,7341.649902
2017-04-04,7446.490234
2017-04-05,7584.209961
2017-04-06,7565.319824
2017-04-07,7583.75
2017-04-10,7617.910156
2017-04-11,7601.399902
2017-04-12,7629.640137
2017-04-17,7588.529785
2017-04-18,7588.97998
2017-04-19,7522.97998
2017-04-20,7563.450195
2017-04-21,7578.160156
2017-04-24,7588.879883
2017-04-25,7700.459961
2017-04-26,7726.450195
2017-04-27,7661.009766
2017-04-28,null
2017-05-02,7703.100098
2017-05-03,7682.259766
2017-05-04,7755.75
2017-05-05,7841.990234
2017-05-08,7962.330078
2017-05-09,7923.5
2017-05-10,7794.169922
2017-05-11,7816.399902
2017-05-12,7815.529785
2017-05-15,7772.930176
2017-05-16,7791.069824
2017-05-17,7826.529785
2017-05-18,7757.689941
2017-05-19,7767.620117
2017-05-22,7806.569824
2017-05-23,7812.140137
2017-05-24,7837.819824
2017-05-25,7871.649902
2017-05-26,7867.490234
2017-05-29,7886.029785
2017-05-30,7860.77002
2017-05-31,7837.120117
2017-06-01,7927.490234
2017-06-02,7907.660156
2017-06-05,8001.379883
2017-06-06,7953.120117
2017-06-07,8002.319824
2017-06-08,7958.629883
2017-06-09,7990.240234
2017-06-12,null
2017-06-13,7917.890137
2017-06-14,7966.009766
2017-06-15,7964.490234
2017-06-16,7882.220215
2017-06-19,7943.75
2017-06-20,7917.859863
2017-06-21,7886.370117
2017-06-22,7858.339844
2017-06-23,7814.169922
2017-06-26,null
2017-06-27,7876.370117
2017-06-28,7857.180176
2017-06-29,7788.060059
2017-06-30,7843.160156
2017-07-03,7866.52002
2017-07-04,7833.959961
2017-07-05,7848.839844
2017-07-06,7888.310059
2017-07-07,7889.330078
2017-07-10,7837.470215
2017-07-11,7858.140137
2017-07-12,7938.370117
2017-07-13,7936.850098
2017-07-14,7885.899902
2017-07-17,7934.5
2017-07-18,7952.919922
2017-07-19,7972.899902
2017-07-20,7904.339844
2017-07-21,7989.72998
2017-07-24,7962.640137
2017-07-25,7971.720215
2017-07-26,8037.509766
2017-07-27,8045.779785
2017-07-28,8071.470215
2017-07-31,8018.049805
2017-08-01,7906.600098
2017-08-02,7872.649902
2017-08-03,7876.660156
2017-08-04,7932.819824
2017-08-07,7992.27002
2017-08-08,7986.509766
2017-08-09,7985.830078
2017-08-10,7966.25
2017-08-11,7928.430176
2017-08-14,7962.120117
2017-08-15,8009.410156
2017-08-16,8046.589844
2017-08-17,8072.75
2017-08-18,8016.72998
2017-08-21,8016.72998
2017-08-22,8015.930176
2017-08-23,7998.75
2017-08-24,8004.930176
2017-08-25,8015.140137
2017-08-28,null
2017-08-29,7948.390137
2017-08-30,7956.72998
2017-08-31,7958.569824
2017-09-01,null
2017-09-04,null
2017-09-05,8049.350098
2017-09-06,7983.970215
2017-09-07,8022.97998
2017-09-08,8022.75
2017-09-11,8049.310059
2017-09-12,null
2017-09-13,8053.879883
2017-09-14,8144.910156
2017-09-15,8180.850098
2017-09-18,8294.139648
2017-09-19,8162.700195
2017-09-20,8219.320313
2017-09-21,8286.860352
2017-09-22,8281.269531
2017-09-25,8244.730469
2017-09-26,8170.140137
2017-09-27,8221.919922
2017-09-28,8156.040039
2017-09-29,8171.430176
2017-10-02,8256.280273
2017-10-03,8312.929688
2017-10-04,8344.049805
2017-10-05,8294.009766
2017-10-06,8310.879883
2017-10-09,8367.379883
2017-10-10,8398.040039
2017-10-11,8358.469727
2017-10-12,8402.80957
2017-10-13,8447.94043
2017-10-16,null
2017-10-17,8497.740234
2017-10-18,8431.730469
2017-10-19,8487.370117
2017-10-20,8420.950195
2017-10-23,8348.320313
2017-10-24,8279.919922
2017-10-25,8303.349609
2017-10-26,8267.919922
2017-10-27,8295.950195
2017-10-30,8365.259766
2017-10-31,null
2017-11-01,null
2017-11-02,8516.019531
2017-11-03,8376.129883
2017-11-06,8523.070313
2017-11-07,8521.80957
2017-11-08,8508.490234
2017-11-09,8519.820313
2017-11-10,8433.480469
2017-11-13,8330.019531
2017-11-14,8379.639648
2017-11-15,8273.44043
2017-11-16,8206.44043
2017-11-17,8311.080078
2017-11-20,8321.980469
2017-11-21,8289.19043
2017-11-22,8265.679688
2017-11-23,8343.230469
2017-11-24,8365.110352
2017-11-27,8361.69043
2017-11-28,8291.879883
2017-11-29,8254.030273
2017-11-30,8254.030273
2017-12-01,8144.02002
2017-12-04,8084.450195
2017-12-05,8093.629883
2017-12-06,8129.620117
2017-12-07,8174.930176
2017-12-08,8304.700195
2017-12-11,8358.570313
2017-12-12,8334.05957
2017-12-13,8359.610352
2017-12-14,8461.05957
2017-12-15,8337.040039
2017-12-18,8422.820313
2017-12-19,8365.959961
2017-12-20,8362.610352
2017-12-21,8378.280273
2017-12-22,8432.30957
2017-12-25,null
2017-12-26,null
2017-12-27,8490.910156
2017-12-28,8535.089844
2017-12-29,8558.419922
2018-01-01,null
2018-01-02,null
2018-01-03,8724.129883
2018-01-04,8739.830078
2018-01-05,8770
2018-01-08,8745.120117
2018-01-09,8923.719727
2018-01-10,8920.290039
2018-01-11,8813.25
2018-01-12,8814.620117
2018-01-15,8857.719727
2018-01-16,8865.129883
2018-01-17,8848.990234
2018-01-18,8820.740234
2018-01-19,8915.919922
2018-01-22,8950.620117
2018-01-23,8999.019531
2018-01-24,8920.230469
2018-01-25,8999.169922
2018-01-26,9041.200195
2018-01-29,9058.620117
2018-01-30,8910.480469
2018-01-31,8764.009766
2018-02-01,8738.719727
2018-02-02,8810.75
2018-02-05,8616
2018-02-06,8550.419922
2018-02-07,8667.55957
2018-02-08,8645.080078
2018-02-09,8503.69043
2018-02-12,8487.910156
2018-02-13,8570.139648
2018-02-14,8598.110352
2018-02-15,8612.44043
2018-02-16,null
2018-02-19,8710.219727
2018-02-20,8722.700195
2018-02-21,8613.650391
2018-02-22,8515.570313
2018-02-23,8467.55957
2018-02-26,8499.980469
2018-02-27,8592.379883
2018-02-28,8475.290039
2018-03-01,8465.769531
2018-03-02,8458.570313
2018-03-05,8386.169922
2018-03-06,8360.219727
2018-03-07,8404.69043
2018-03-08,8381.849609
2018-03-09,8372.509766
2018-03-12,8453.5
2018-03-13,8419.570313
2018-03-14,8348.740234
2018-03-15,8190.009766
2018-03-16,8238.150391
2018-03-19,8235.540039
2018-03-20,8059.600098
2018-03-21,7909.069824
2018-03-22,8124.450195
2018-03-23,7970.799805
2018-03-26,7932.379883
2018-03-27,8047.029785
2018-03-28,7979.830078
2018-03-29,null
2018-03-30,null
2018-04-02,8039.450195
2018-04-03,8048.720215
2018-04-04,7997.669922
2018-04-05,8022.160156
2018-04-06,7945.660156
2018-04-09,null
2018-04-10,7934.680176
2018-04-11,7943.930176
2018-04-12,8043.069824
2018-04-13,7899.97998
2018-04-16,7870.25
2018-04-17,7723.390137
2018-04-18,7793.129883
2018-04-19,7682.240234
2018-04-20,7726.720215
2018-04-23,7719.470215
2018-04-24,7600.359863
2018-04-25,7557.910156
2018-04-26,7617.419922
2018-04-27,7721.02002
2018-04-30,7819.25
2018-05-01,null
2018-05-02,7736.069824
2018-05-03,7535.100098
2018-05-04,7546.189941
2018-05-07,7533.279785
2018-05-08,7577.569824
2018-05-09,7555.27002
2018-05-10,7571
2018-05-11,7752.109863
2018-05-14,null
2018-05-15,7885.970215
2018-05-16,7869.560059
2018-05-17,7694.120117
2018-05-18,7672.279785
2018-05-21,7658.049805
2018-05-22,7646.200195
2018-05-23,7560.470215
2018-05-24,7652.529785
2018-05-25,7647.509766
2018-05-28,7642.899902
2018-05-29,7602.359863
2018-05-30,7470.140137
2018-05-31,7497.169922
2018-06-01,7630.259766
2018-06-04,7579.609863
2018-06-05,7685.759766
2018-06-06,7689.140137
2018-06-07,7803.310059
2018-06-08,7740.740234
2018-06-11,7771.299805
2018-06-12,null
2018-06-13,7602.97998
2018-06-14,7529.540039
2018-06-15,null
2018-06-18,7414.109863
2018-06-19,7312.609863
2018-06-20,7261.620117
2018-06-21,7098.149902
2018-06-22,7063.200195
2018-06-25,6986.879883
2018-06-26,7007.209961
2018-06-27,7176.430176
2018-06-28,7066.569824
2018-06-29,7193.680176
2018-07-02,7227.959961
2018-07-03,7267.339844
2018-07-04,7348.419922
2018-07-05,7233.569824
2018-07-06,7186.709961
2018-07-09,7186.620117
2018-07-10,7233.290039
2018-07-11,7333.72998
2018-07-12,7350.580078
2018-07-13,7399.180176
2018-07-16,7369.439941
2018-07-17,7381.680176
2018-07-18,7451.370117
2018-07-19,7387.870117
2018-07-20,7399.609863
2018-07-23,7376.799805
2018-07-24,7447.02002
2018-07-25,7514
2018-07-26,7665.850098
2018-07-27,7701.379883
2018-07-30,7773.319824
2018-07-31,7672
2018-08-01,7838.220215
2018-08-02,7759.549805
2018-08-03,7819.390137
2018-08-06,7817.310059
2018-08-07,7725.850098
2018-08-08,7851.459961
2018-08-09,7820.709961
2018-08-10,7804.97998
2018-08-13,7635.27002
2018-08-14,7527.779785
2018-08-15,7540.919922
2018-08-16,7517.359863
2018-08-17,7583.52002
2018-08-20,7500.529785
2018-08-21,null
2018-08-22,7632.259766
2018-08-23,7804.029785
2018-08-24,7766.470215
2018-08-27,null
2018-08-28,7844.609863
2018-08-29,7830.959961
2018-08-30,7853.160156
2018-08-31,7855.709961
2018-09-03,7832.220215
2018-09-04,7881.819824
2018-09-05,7752.27002
2018-09-06,7638.709961
2018-09-07,7598.640137
2018-09-10,7596.149902
2018-09-11,7518.009766
2018-09-12,7449.200195
2018-09-13,7517.370117
2018-09-14,7413.149902
2018-09-17,7413.560059
2018-09-18,7286.339844
2018-09-19,7221.22998
2018-09-20,7134.72998
2018-09-21,7383
2018-09-24,7433.609863
2018-09-25,7332.169922
2018-09-26,7268.209961
2018-09-27,7320.589844
2018-09-28,7276.819824
2018-10-01,7222.080078
2018-10-02,7132.359863
2018-10-03,7210.870117
2018-10-04,7093.339844
2018-10-05,7078.200195
2018-10-08,7050.819824
2018-10-09,7059.379883
2018-10-10,7001.140137
2018-10-11,6884.379883
2018-10-12,7004.77002
2018-10-15,6926.509766
2018-10-16,6987.02002
2018-10-17,7099.680176
2018-10-18,7141.25
2018-10-19,7151.52002
2018-10-22,7236.160156
2018-10-23,7197.620117
2018-10-24,7129.419922
2018-10-25,6966.839844
2018-10-26,7064.330078
2018-10-29,7109.029785
2018-10-30,7016.060059
2018-10-31,7140.290039
2018-11-01,null
2018-11-02,null
2018-11-05,7213.439941
2018-11-06,7180.109863
2018-11-07,7133.930176
2018-11-08,7006.540039
2018-11-09,6968.819824
2018-11-12,6926.200195
2018-11-13,6843.830078
2018-11-14,6923.080078
2018-11-15,6952.589844
2018-11-16,7083.339844
2018-11-19,7270.259766
2018-11-20,7302.939941
2018-11-21,7265.450195
2018-11-22,7268.379883
2018-11-23,7340.180176
2018-11-26,7397.870117
2018-11-27,7413.629883
2018-11-28,7382.430176
2018-11-29,7367.850098
2018-11-30,null
2018-12-03,7532.899902
2018-12-04,7703.919922
2018-12-05,7630.899902
2018-12-06,7535.319824
2018-12-07,7461.060059
2018-12-10,7348.209961
2018-12-11,7451.080078
2018-12-12,7488.240234
2018-12-13,7522.919922
2018-12-14,7524.370117
2018-12-17,7520.399902
2018-12-18,7420.399902
2018-12-19,7579.620117
2018-12-20,7563.410156
2018-12-21,7479.709961
2018-12-24,null
2018-12-25,null
2018-12-26,7450.009766
2018-12-27,7482.660156
2018-12-28,7466.02002
2018-12-31,null
2019-01-01,null
2019-01-02,7489.200195
2019-01-03,7680.600098
2019-01-04,7761.109863
2019-01-07,7787.660156
2019-01-08,7702.120117
2019-01-09,7855.220215
2019-01-10,7985.22998
2019-01-11,7904.089844
2019-01-14,8024.140137
2019-01-15,8013.419922
2019-01-16,7864.700195
2019-01-17,7927.200195
2019-01-18,8047.120117
2019-01-21,8007.459961
2019-01-22,8008.669922
2019-01-23,7989.649902
2019-01-24,8064.899902
2019-01-25,8053.200195
2019-01-28,8053.919922
2019-01-29,8050.819824
2019-01-30,7979.950195
2019-01-31,8007.47998
2019-02-01,8144.160156
2019-02-04,8069.47998
2019-02-05,null
2019-02-06,8058.450195
2019-02-07,8100.299805
2019-02-08,8070.890137
2019-02-11,8061.540039
2019-02-12,8009.919922
2019-02-13,7920.240234
2019-02-14,7991.25
2019-02-15,7908.890137
2019-02-18,7910.580078
2019-02-19,7833.75
2019-02-20,7939.240234
2019-02-21,7931.299805
2019-02-22,7962.129883
2019-02-25,null
2019-02-26,7988.160156
2019-02-27,7889.120117
2019-02-28,7705.490234
2019-03-01,7641.77002
2019-03-04,7675.470215
2019-03-05,7670.620117
2019-03-06,7821.339844
2019-03-07,7881.790039
2019-03-08,7797.109863
2019-03-11,7708.720215
2019-03-12,7747.540039
2019-03-13,7766.149902
2019-03-14,7750.419922
2019-03-15,7798.279785
2019-03-18,7873.02002
2019-03-19,7843.410156
2019-03-20,7858.200195
2019-03-21,7954.720215
2019-03-22,8013.419922
2019-03-25,7863.02002
2019-03-26,7907.029785
2019-03-27,7861.049805
2019-03-28,7876.399902
2019-03-29,7920.930176
2019-04-01,7840.310059
2019-04-02,7879.209961
2019-04-03,7895.060059
2019-04-04,7854.129883
2019-04-05,7873.180176
2019-04-08,7915.629883
2019-04-09,null
2019-04-10,8008.529785
2019-04-11,7955.799805
2019-04-12,7880.819824
2019-04-15,7787.97998
2019-04-16,7826.459961
2019-04-17,7835.149902
2019-04-18,null
2019-04-19,null
2019-04-22,7832.430176
2019-04-23,7818.930176
2019-04-24,7846.990234
2019-04-25,7894.450195
2019-04-26,7868.279785
2019-04-29,7897.02002
2019-04-30,7952.720215
2019-05-01,null
2019-05-02,8001.569824
2019-05-03,7967.97998
2019-05-06,7862.299805
2019-05-07,7910.629883
2019-05-08,7926.689941
2019-05-09,7755.620117
2019-05-10,7742.200195
2019-05-13,null
2019-05-14,7646.660156
2019-05-15,7576.709961
2019-05-16,7475.160156
2019-05-17,7583.819824
2019-05-20,7660.140137
2019-05-21,7721.560059
2019-05-22,7815.069824
2019-05-23,7804.029785
2019-05-24,7747.089844
2019-05-27,7725.009766
2019-05-28,7761.290039
2019-05-29,7797.75
2019-05-30,7836.549805
2019-05-31,7970.02002
2019-06-03,8084.879883
2019-06-04,7945.370117
2019-06-05,null
2019-06-06,7959.859863
2019-06-07,7983.97998
2019-06-10,8045.390137
2019-06-11,8030.97998
2019-06-12,null
2019-06-13,8051.759766
2019-06-14,7990.200195
2019-06-17,7908.990234
2019-06-18,7922.040039
2019-06-19,8017.009766
2019-06-20,8022.419922
2019-06-21,8055.470215
2019-06-24,8060.580078
2019-06-25,8034.089844
2019-06-26,8013.569824
2019-06-27,8057.640137
2019-06-28,7999.709961
2019-07-01,8043.709961
2019-07-02,8093.600098
2019-07-03,8092.680176
2019-07-04,8064.919922
2019-07-05,8117.939941
2019-07-08,8051.52002
2019-07-09,8042.040039
2019-07-10,8078.209961
2019-07-11,8154.490234
2019-07-12,8141.819824
2019-07-15,8365.290039
2019-07-16,8263.570313
2019-07-17,8233.480469
2019-07-18,8258.049805
2019-07-19,8270.070313
2019-07-22,8246.830078
2019-07-23,8251.459961
2019-07-24,8161.490234
2019-07-25,8272.179688
2019-07-26,8183.990234
2019-07-29,8188.52002
2019-07-30,8150.459961
2019-07-31,8045.799805
2019-08-01,8098.160156
2019-08-02,8129.930176
2019-08-05,7890.02002
2019-08-06,7766.75
2019-08-07,7917.390137
2019-08-08,7914.160156
2019-08-09,7854.390137
2019-08-12,null
2019-08-13,7788.450195
2019-08-14,7858.649902
2019-08-15,7828.859863
2019-08-16,7795.97998
2019-08-19,7938.350098
2019-08-20,7886.910156
2019-08-21,null
2019-08-22,7848.830078
2019-08-23,7889.410156
2019-08-26,null
2019-08-27,7747.379883
2019-08-28,7847.5
2019-08-29,7892.810059
2019-08-30,7979.660156
2019-09-02,7918.529785
2019-09-03,7804.709961
2019-09-04,7840.859863
2019-09-05,7898.189941
2019-09-06,7933.470215
2019-09-09,7960.120117
2019-09-10,7929.47998
2019-09-11,7967.899902
2019-09-12,7944.430176
2019-09-13,7992.319824
2019-09-16,7996.899902
2019-09-17,7932.22998
2019-09-18,7915.290039
2019-09-19,7911.319824
2019-09-20,7871.109863
2019-09-23,7867.509766
2019-09-24,7893.939941
2019-09-25,7896.240234
2019-09-26,7896.47998
2019-09-27,7819.220215
2019-09-30,7779.069824
2019-10-01,7739.859863
2019-10-02,7610.680176
2019-10-03,7545.549805
2019-10-04,7704.600098
2019-10-07,7683.220215
2019-10-08,7756.720215
2019-10-09,7681.25
2019-10-10,7765.029785
2019-10-11,7849.939941
2019-10-14,7884.290039
2019-10-15,7840.310059
2019-10-16,7915.299805
2019-10-17,7930.549805
2019-10-18,7885.22998
2019-10-21,7891.129883
2019-10-22,7955.240234
2019-10-23,7933.759766
2019-10-24,7950.97998
2019-10-25,7922.5
2019-10-28,7946.529785
2019-10-29,7991.189941
2019-10-30,8020.060059
2019-10-31,7977.120117
2019-11-01,null
2019-11-04,8059.649902
2019-11-05,8104.850098
2019-11-06,8025.879883
2019-11-07,8073.810059
2019-11-08,8065.759766
2019-11-11,8009.379883
2019-11-12,8012.339844
2019-11-13,7947.470215
2019-11-14,7933.709961
2019-11-15,7932.959961
2019-11-18,7880.939941
2019-11-19,7912.140137
2019-11-20,7898.060059
2019-11-21,7818.890137
2019-11-22,7818.890137
2019-11-25,7771.620117
2019-11-26,7707.799805
2019-11-27,7836.890137
2019-11-28,7768.660156
2019-11-29,7738.959961
2019-12-02,7877.189941
2019-12-03,7855.180176
2019-12-04,7815.930176
2019-12-05,7790.910156
2019-12-06,7801.720215
2019-12-09,7779.799805
2019-12-10,7736.180176
2019-12-11,7786.410156
2019-12-12,7741.069824
2019-12-13,7877.629883
2019-12-16,7701.600098
2019-12-17,7730.450195
2019-12-18,7733.669922
2019-12-19,7653.939941
2019-12-20,7773.120117
2019-12-23,7872.600098
2019-12-24,null
2019-12-25,null
2019-12-26,7842.279785
2019-12-27,7815.259766
2019-12-30,null
2019-12-31,null
2020-01-01,null
2020-01-02,7742.529785
2020-01-03,7839.790039
2020-01-06,7797.870117
2020-01-07,7840.700195
2020-01-08,7736.240234
2020-01-09,7797.640137
2020-01-10,7776.77002
2020-01-13,null
2020-01-14,7793.25
2020-01-15,7664.399902
2020-01-16,7653.180176
2020-01-17,7722.580078
2020-01-20,7552.600098
2020-01-21,7466.649902
2020-01-22,7468.72998
2020-01-23,7616.350098
2020-01-24,7623.410156
2020-01-27,7587.629883
2020-01-28,7468.700195
2020-01-29,7462.310059
2020-01-30,7392.680176
2020-01-31,7200.790039
2020-02-03,7137.029785
2020-02-04,7226.899902
2020-02-05,7352.850098
2020-02-06,7506.209961
2020-02-07,7507.200195
2020-02-10,7430.859863
2020-02-11,7439.399902
2020-02-12,7383.100098
2020-02-13,7403.120117
2020-02-14,7282
2020-02-17,7326.850098
2020-02-18,7322.890137
2020-02-19,7396.939941
2020-02-20,7413
2020-02-21,7369.779785
2020-02-24,7187.439941
2020-02-25,null
2020-02-26,6909.839844
2020-02-27,6967.839844
2020-02-28,6787.910156
2020-03-02,6749.279785
2020-03-03,6790.540039
2020-03-04,6867.259766
2020-03-05,6884.77002
2020-03-06,6770.379883
2020-03-09,6312.609863
2020-03-10,6318.379883
2020-03-11,6353.259766
2020-03-12,5736.27002
2020-03-13,5793.939941
2020-03-16,5335.370117
2020-03-17,null
2020-03-18,null
2020-03-19,4623.419922
2020-03-20,4778.759766
2020-03-23,4743.370117
2020-03-24,4774.27002
2020-03-25,5027.759766
2020-03-26,5401.580078
2020-03-27,5266.620117
2020-03-30,5131.160156
2020-03-31,5321.22998
2020-04-01,5408.52002
2020-04-02,5342.310059
2020-04-03,5346.970215
2020-04-06,5570.810059
2020-04-07,5650.009766
2020-04-08,5510.830078
2020-04-09,null
2020-04-10,null
2020-04-13,5610.97998
2020-04-14,5780.879883
2020-04-15,5946.049805
2020-04-16,5525.600098
2020-04-17,5789.970215
2020-04-20,5733.649902
2020-04-21,5592.25
2020-04-22,5573.75
2020-04-23,5599.549805
2020-04-24,5464.97998
2020-04-27,5450.450195
2020-04-28,5574.97998
2020-04-29,5643.970215
2020-04-30,5700.709961
2020-05-01,null
2020-05-04,5572.089844
2020-05-05,5671.669922
2020-05-06,5639.27002
2020-05-07,5653.160156
2020-05-08,5621.939941
2020-05-11,5667.930176
2020-05-12,5651.669922
2020-05-13,5626.25
2020-05-14,5654.700195
2020-05-15,5654.700195
2020-05-18,5479.350098
2020-05-19,5555.850098
2020-05-20,5581.959961
2020-05-21,5604.490234
2020-05-22,5604.490234
2020-05-25,null
2020-05-26,5496.830078
2020-05-27,5523.779785
2020-05-28,5570.220215
2020-05-29,5838.839844
2020-06-01,5930.169922
2020-06-02,6025.169922
2020-06-03,6245.649902
2020-06-04,6517.490234
2020-06-05,6465.129883
2020-06-08,6514
2020-06-09,6583.839844
2020-06-10,6439.370117
2020-06-11,6476.240234
2020-06-12,null
2020-06-15,6163.819824
2020-06-16,6281.75
2020-06-17,6282.009766
2020-06-18,6348.450195
2020-06-19,6315.069824
2020-06-22,6347.430176
2020-06-23,6297.779785
2020-06-24,6188.830078
2020-06-25,6118.259766
2020-06-26,6191.839844
2020-06-29,6105.180176
2020-06-30,6207.720215
2020-07-01,6209.709961
2020-07-02,6364.080078
2020-07-03,6372.660156
2020-07-06,6328.410156
2020-07-07,6267.399902
2020-07-08,6285.5
2020-07-09,6192.580078
2020-07-10,6197.379883
2020-07-13,6172.569824
2020-07-14,6172.810059
2020-07-15,6016.509766
2020-07-16,6147.660156
2020-07-17,6088.75
2020-07-20,6150.700195
2020-07-21,6136.310059
2020-07-22,6064.259766
2020-07-23,6029.009766
2020-07-24,6003.259766
2020-07-27,5860.939941
2020-07-28,5927.109863
2020-07-29,5966.27002
2020-07-30,5928.450195
2020-07-31,null
2020-08-03,5715.919922
2020-08-04,5775.5
2020-08-05,5833.580078
2020-08-06,5902.580078
2020-08-07,5846.02002
2020-08-10,5930.919922
2020-08-11,5953.939941
2020-08-12,5995
2020-08-13,6097.779785
2020-08-14,6076.910156
2020-08-17,6068.779785
2020-08-18,6156.450195
2020-08-19,6042.120117
2020-08-20,6005.399902
2020-08-21,null
2020-08-24,5943.580078
2020-08-25,5953.439941
2020-08-26,5931.330078
2020-08-27,5921.549805
2020-08-28,5884.180176
2020-08-31,null
2020-09-01,5799.240234
2020-09-02,5738.390137
2020-09-03,5772.859863
2020-09-04,5785.089844
2020-09-07,5935.850098
2020-09-08,6034.029785
2020-09-09,5932.839844
2020-09-10,5902.390137
2020-09-11,5967.959961
2020-09-14,5997.140137
2020-09-15,6018.209961
2020-09-16,5946.620117
2020-09-17,5943.52002
2020-09-18,5908.899902
2020-09-21,5909.319824
2020-09-22,5894.279785
2020-09-23,5892.720215
2020-09-24,5845.799805
2020-09-25,5838.660156
2020-09-28,5861.390137
2020-09-29,5841.600098
2020-09-30,5864.22998
2020-10-01,5944.870117
2020-10-02,5999.399902
2020-10-05,5938.950195
2020-10-06,5910.640137
2020-10-07,5867.879883
2020-10-08,5942.660156
2020-10-09,5931.609863
2020-10-12,5937.049805
2020-10-13,5923.22998
2020-10-14,5925.299805
2020-10-15,5938.330078
2020-10-16,5898.470215
2020-10-19,6019.259766
2020-10-20,6112.709961
2020-10-21,6278.589844
2020-10-22,6344.629883
2020-10-23,6484.060059
2020-10-26,6491.189941
2020-10-27,6415.080078
2020-10-28,6377.790039
2020-10-29,6249.390137
2020-10-30,6324
2020-11-02,null
2020-11-03,6335.560059
2020-11-04,6464.049805
2020-11-05,6644.77002
2020-11-06,6685.689941
2020-11-09,6685.850098
2020-11-10,7035.47998
2020-11-11,7024.259766
2020-11-12,null
2020-11-13,6969.879883
2020-11-16,6918.049805
2020-11-17,6959.140137
2020-11-18,7051.779785
2020-11-19,6997.620117
2020-11-20,7169.790039
2020-11-23,7178.620117
2020-11-24,7108.669922
2020-11-25,7001.509766
2020-11-26,6927.75
2020-11-27,6791.459961
2020-11-30,null
2020-12-01,7009.560059
2020-12-02,7080.620117
2020-12-03,7194.129883
2020-12-04,7134.560059
2020-12-07,7203.669922
2020-12-08,null
2020-12-09,7102.660156
2020-12-10,7154.430176
2020-12-11,7246.160156
2020-12-14,7281.350098
2020-12-15,7227.72998
2020-12-16,7299.700195
2020-12-17,7298.02002
2020-12-18,7272.799805
2020-12-21,7224.890137
2020-12-22,7202.390137
2020-12-23,7204.379883
2020-12-24,7204.379883
2020-12-25,null
2020-12-28,7122.25
2020-12-29,7139.709961
2020-12-30,null
2020-12-31,null
2021-01-01,null
2021-01-04,7197.5
2021-01-05,7134.180176
2021-01-06,7047.850098
2021-01-07,7119.609863
2021-01-08,7289.879883
2021-01-11,7304.790039
2021-01-12,7258.109863
2021-01-13,7242.850098
2021-01-14,7273.149902
2021-01-15,7238.459961
2021-01-18,7203.439941
2021-01-19,7198.450195
2021-01-20,7143.299805
2021-01-21,7140.290039
2021-01-22,7045.830078
2021-01-25,7071.5
2021-01-26,6977.160156
2021-01-27,6863.609863
2021-01-28,6851.839844
2021-01-29,6612.620117
2021-02-01,6814.759766
2021-02-02,6867.879883
2021-02-03,6859.459961
2021-02-04,6903.75
2021-02-05,7019.180176
2021-02-08,7024.47998
2021-02-09,7065.549805
2021-02-10,7082.149902
2021-02-11,6991.009766
2021-02-12,null
2021-02-15,6959.209961
2021-02-16,7044.060059
2021-02-17,6966.430176
2021-02-18,6849.640137
2021-02-19,6926.410156
2021-02-22,6810.339844
2021-02-23,6814.669922
2021-02-24,6755.950195
2021-02-25,null
2021-02-26,6794.859863
2021-03-01,6872.970215
2021-03-02,6919.540039
2021-03-03,6942.759766
2021-03-04,6882.490234
2021-03-05,6881.370117
2021-03-08,6756.919922
2021-03-09,6766.830078
2021-03-10,6808.319824
2021-03-11,6719.180176
2021-03-12,6728.549805
2021-03-15,6552.459961
2021-03-16,6559.080078
2021-03-17,6566.830078
2021-03-18,6630.850098
2021-03-19,6436.100098
2021-03-22,6395.169922
2021-03-23,6446.350098
2021-03-24,6497.009766
2021-03-25,6581
2021-03-26,6544.629883
2021-03-29,6607.779785
2021-03-30,6545.549805
2021-03-31,6443.089844
2021-04-01,null
2021-04-02,null
2021-04-05,6495.149902
2021-04-06,6590.109863
2021-04-07,6651.709961
2021-04-08,6545.169922
2021-04-09,null
2021-04-12,6518.640137
2021-04-13,6457.790039
2021-04-14,6523.209961
2021-04-15,6539.959961
2021-04-16,6494.810059
2021-04-19,6459.759766
2021-04-20,6500.419922
2021-04-21,6439.390137
2021-04-22,6415.529785
2021-04-23,6378.069824
2021-04-26,6389.379883
2021-04-27,6356.470215
2021-04-28,6469.140137
2021-04-29,6487.509766
2021-04-30,6370.870117
2021-05-03,6369.279785
2021-05-04,6359.149902
2021-05-05,6299.689941
2021-05-06,6282.779785
2021-05-07,6258.709961
2021-05-10,6317.410156
2021-05-11,6326.830078
2021-05-12,6236.399902
2021-05-13,null
2021-05-14,6269.359863
2021-05-17,6283.580078
2021-05-18,6244.740234
2021-05-19,6245.709961
2021-05-20,6197.640137
2021-05-21,6199.25
2021-05-24,6164.890137
2021-05-25,6196.709961
2021-05-26,6341.240234
2021-05-27,6665.140137
2021-05-28,6674.509766
2021-05-31,6628.490234
2021-06-01,6627.430176
2021-06-02,6841.689941
2021-06-03,6791.870117
2021-06-04,6796.339844
2021-06-07,6763.919922
2021-06-08,6809.720215
2021-06-09,6902.540039
2021-06-10,6875.709961
2021-06-11,6907.790039
2021-06-14,6917.490234
2021-06-15,6976.72998
2021-06-16,6973.350098
2021-06-17,6887.919922
2021-06-18,6851.379883
2021-06-21,6827.169922
2021-06-22,6870.410156
2021-06-23,6918.410156
2021-06-24,6886
2021-06-25,6950.509766
2021-06-28,6937.959961
2021-06-29,6956.649902
2021-06-30,6901.910156
2021-07-01,6964.009766
2021-07-02,7002.259766
2021-07-05,7036.379883
2021-07-06,6992.430176
2021-07-07,6943
2021-07-08,6924.990234
2021-07-09,6834.919922
2021-07-12,6913.870117
2021-07-13,6795.129883
2021-07-14,6835.410156
2021-07-15,6727.930176
2021-07-16,6693.830078
2021-07-19,6587.200195
2021-07-20,null
2021-07-21,6476.209961
2021-07-22,6576.620117
2021-07-23,6520.740234
2021-07-26,6372.609863
2021-07-27,6522.580078
2021-07-28,6473.029785
2021-07-29,6496.529785
2021-07-30,6270.22998
2021-08-02,6446.310059
2021-08-03,6560.060059
2021-08-04,6585.209961
2021-08-05,6547.27002
2021-08-06,6539.910156
2021-08-09,6632.569824
2021-08-10,6623.22998
2021-08-11,6666.859863
2021-08-12,6556.569824
2021-08-13,6320.189941
2021-08-16,6513.680176
2021-08-17,6561.410156
2021-08-18,6680.180176
2021-08-19,6718.509766
2021-08-20,6633.220215
2021-08-23,6591.669922
2021-08-24,6678.819824
2021-08-25,6822.149902
2021-08-26,6820.529785
2021-08-27,6786.620117
2021-08-30,null
2021-08-31,6855.439941
2021-09-01,6785.939941
2021-09-02,6834.660156
2021-09-03,6897.129883
2021-09-06,6877.100098
2021-09-07,6912.709961
2021-09-08,6949.390137
2021-09-09,6924.02002
2021-09-10,6970.509766
2021-09-13,6968.140137
2021-09-14,6920.359863
2021-09-15,6880.200195
2021-09-16,6968.430176
2021-09-17,6912.850098
2021-09-20,6857.899902
2021-09-21,6881.200195
2021-09-22,6890.72998
2021-09-23,6915.279785
2021-09-24,6951.529785
2021-09-27,6956.259766
2021-09-28,6885.359863
2021-09-29,6934.109863
2021-09-30,6952.879883
2021-10-01,6923.600098
2021-10-04,6960.890137
2021-10-05,6981.240234
2021-10-06,7057.450195
2021-10-07,6951.299805
2021-10-08,6906.859863
2021-10-11,7124.009766
2021-10-12,7107.819824
2021-10-13,7068.919922
2021-10-14,7183.109863
2021-10-15,7213.459961
2021-10-18,7219.810059
2021-10-19,7266.310059
2021-10-20,7297.080078
2021-10-21,7311.720215
2021-10-22,7289.609863
2021-10-25,7211.540039
2021-10-26,7252.100098
2021-10-27,7230.149902
2021-10-28,7157.72998
2021-10-29,7054.700195
2021-11-01,null
2021-11-02,7106.009766
2021-11-03,7184.720215
2021-11-04,7203.720215
2021-11-05,7340.77002
2021-11-08,7396.220215
2021-11-09,7441.669922
2021-11-10,7375.680176
2021-11-11,7331.649902
2021-11-12,7382.839844
2021-11-15,7342.370117
2021-11-16,7367.419922
2021-11-17,7349.819824
2021-11-18,7299.339844
2021-11-19,7280.569824
2021-11-22,7282.669922
2021-11-23,7401.160156
2021-11-24,7419.100098
2021-11-25,7369.27002
2021-11-26,7278.439941
2021-11-29,7200.879883
2021-11-30,null
2021-12-01,6947.060059
2021-12-02,7032.540039
2021-12-03,7055.189941
2021-12-06,7130.740234
2021-12-07,7147.299805
2021-12-08,null
2021-12-09,7234.919922
2021-12-10,7192.169922
2021-12-13,7197.609863
2021-12-14,7241.990234
2021-12-15,7132.580078
2021-12-16,7233.259766
2021-12-17,7297.660156
2021-12-20,7237.609863
2021-12-21,7167.060059
2021-12-22,7119.189941
2021-12-23,7248.049805
2021-12-24,7181.859863
2021-12-27,7254.799805
2021-12-28,7286.560059
2021-12-29,7334.560059
2021-12-30,null
2021-12-31,7122.629883
2022-01-03,7041.27002
2022-01-04,null
2022-01-05,7091.399902
2022-01-06,7085.52002
2022-01-07,7011.109863
2022-01-10,7140.669922
2022-01-11,7085.689941
2022-01-12,7215.129883
2022-01-13,7307.75
2022-01-14,7261.339844
2022-01-17,7223.830078
2022-01-18,7343.959961
2022-01-19,7261.540039
2022-01-20,7239.279785
2022-01-21,7293.52002
2022-01-24,7252.640137
2022-01-25,7288.209961
2022-01-26,7253.609863
2022-01-27,7273.52002
2022-01-28,7251.970215
2022-01-31,7361.649902
2022-02-01,null
2022-02-02,7458.990234
2022-02-03,7382.77002
2022-02-04,7456.350098
2022-02-07,7380.299805
2022-02-08,7458.22998
2022-02-09,7502.47998
2022-02-10,7432.620117
2022-02-11,7270.359863
2022-02-14,7361.149902
2022-02-15,7309.939941
2022-02-16,7452.819824
2022-02-17,7438.930176
2022-02-18,7418.790039
2022-02-21,7372.25
2022-02-22,7440.910156
2022-02-23,7364.209961
2022-02-24,7212.22998
2022-02-25,null
2022-02-28,7311.009766
2022-03-01,7404.609863
2022-03-02,7304.02002
2022-03-03,7388.089844
2022-03-04,7342.009766
2022-03-07,7288.069824
2022-03-08,6977.72998
2022-03-09,6989.879883
2022-03-10,7124.799805
2022-03-11,7112.189941
2022-03-14,6816.950195
2022-03-15,7019.919922
2022-03-16,7026.450195
2022-03-17,7122.450195
2022-03-18,7007.629883
2022-03-21,6956.600098
2022-03-22,7008.939941
2022-03-23,7009.430176
2022-03-24,7082.609863
2022-03-25,7124.839844
2022-03-28,7134.359863
2022-03-29,7115.089844
2022-03-30,7167.02002
2022-03-31,7203.470215
2022-04-01,7152.879883
2022-04-04,7163.209961
2022-04-05,7156.069824
2022-04-06,7109.259766
2022-04-07,6926.029785
2022-04-08,7018.02002
2022-04-11,6988.290039
2022-04-12,6895.359863
2022-04-13,6984.899902
2022-04-14,null
2022-04-15,null
2022-04-18,6996.109863
2022-04-19,7037.740234
2022-04-20,7142.419922
2022-04-21,7061.490234
2022-04-22,6998.589844
2022-04-25,7020.830078
2022-04-26,6980.02002
2022-04-27,6863.910156
2022-04-28,6909.450195
2022-04-29,6731.25
2022-05-02,6721.080078
2022-05-03,null
2022-05-04,6802.72998
2022-05-05,6868.919922
2022-05-06,6759.899902
2022-05-09,null
2022-05-10,6720.930176
2022-05-11,6635.859863
2022-05-12,6532.299805
2022-05-13,6379.169922
2022-05-16,6502.120117
2022-05-17,6594.660156
2022-05-18,6727.600098
2022-05-19,6660.049805
2022-05-20,6746.330078
2022-05-23,6687.850098
2022-05-24,6577.450195
2022-05-25,6597.759766
2022-05-26,6645.52002
2022-05-27,6726.140137
2022-05-30,6822.319824
2022-05-31,6774.680176
2022-06-01,6712.209961
2022-06-02,6686.830078
2022-06-03,6741.399902
2022-06-06,6716.879883
2022-06-07,6754.009766
2022-06-08,6769.620117
2022-06-09,6758.589844
2022-06-10,6530.040039
2022-06-13,6467.009766
2022-06-14,6474.529785
2022-06-15,6319.419922
2022-06-16,6393.009766
2022-06-17,6331.560059
2022-06-20,6333.939941
2022-06-21,6285.189941
2022-06-22,6168
2022-06-23,6065.22998
2022-06-24,6217.560059
2022-06-27,6238.819824
2022-06-28,6345.410156
2022-06-29,6303.189941
2022-06-30,6155.430176
2022-07-01,6165.350098
2022-07-04,6183.620117
2022-07-05,6309.990234
2022-07-06,6445.009766
2022-07-07,6352.319824
2022-07-08,6361.819824
2022-07-11,6388.640137
2022-07-12,6349.939941
2022-07-13,6255.370117
2022-07-14,6248.129883
2022-07-15,6195.259766
2022-07-18,6268.779785
2022-07-19,6286.240234
2022-07-20,6274.799805
2022-07-21,6256.169922
2022-07-22,6263.390137
2022-07-25,6209.529785
2022-07-26,6223
2022-07-27,6236.759766
2022-07-28,6379.259766
2022-07-29,6315.930176
2022-08-01,6312.029785
2022-08-02,6362.299805
2022-08-03,6430.080078
2022-08-04,6483.109863
2022-08-05,6405.5
2022-08-08,6434.240234
2022-08-09,6468.970215
2022-08-10,6471.839844
2022-08-11,6680.680176
2022-08-12,6699.660156
2022-08-15,6737.839844
2022-08-16,6850.640137
2022-08-17,6818.990234
2022-08-18,6824.629883
2022-08-19,6863.859863
2022-08-22,6704.410156
2022-08-23,6618.379883
2022-08-24,6643.450195
2022-08-25,6706.430176
2022-08-26,6752.5
2022-08-29,null
2022-08-30,6690.27002
2022-08-31,6583.649902
2022-09-01,6588.279785
2022-09-02,6692.649902
2022-09-05,6676.040039
2022-09-06,6709.600098
2022-09-07,6554.080078
2022-09-08,6593.740234
2022-09-09,6606
2022-09-12,6715.75
2022-09-13,6701.810059
2022-09-14,6582.859863
2022-09-15,6575.669922
2022-09-16,6548.77002
2022-09-19,6437.419922
2022-09-20,6448.459961
2022-09-21,6341.689941
2022-09-22,6301.709961
2022-09-23,6259.540039
2022-09-26,null
2022-09-27,6020.069824
2022-09-28,5879.680176
2022-09-29,5934.25
2022-09-30,5741.069824
2022-10-03,5783.149902
2022-10-04,5987.720215
2022-10-05,5988.589844
2022-10-06,5934.27002
2022-10-07,5932.189941
2022-10-10,5832.580078
2022-10-11,5847.370117
2022-10-12,5853.629883
2022-10-13,5895.640137
2022-10-14,5904.75
2022-10-17,5970.330078
2022-10-18,6128.640137
2022-10-19,6148.310059
2022-10-20,6055.990234
2022-10-21,5983.560059
2022-10-24,6028.790039
2022-10-25,6073.410156
2022-10-26,6121.529785
2022-10-27,6230.580078
2022-10-28,6153.430176
2022-10-31,null
2022-11-01,null
2022-11-02,6206.240234
2022-11-03,6156.109863
2022-11-04,6185.529785
2022-11-07,6295.580078
2022-11-08,6289.100098
2022-11-09,6241.680176
2022-11-10,6167.569824
2022-11-11,6286.77002
2022-11-14,6354.759766
2022-11-15,6418.939941
2022-11-16,6392.089844
2022-11-17,6403.740234
2022-11-18,6437.379883
2022-11-21,6403.240234
2022-11-22,6429.649902
2022-11-23,6510.319824
2022-11-24,6530.509766
2022-11-25,6606.939941
2022-11-28,6681.470215
2022-11-29,6780.779785
2022-11-30,null
2022-12-01,6734.089844
2022-12-02,6489.649902
2022-12-05,6442.129883
2022-12-06,6674.379883
2022-12-07,6525.160156
2022-12-08,null
2022-12-09,6580.120117
2022-12-12,6585.200195
2022-12-13,6582.379883
2022-12-14,6615.069824
2022-12-15,6566.799805
2022-12-16,6496.5
2022-12-19,6414.27002
2022-12-20,6458.120117
2022-12-21,6520.799805
2022-12-22,6576.939941
2022-12-23,6541.029785
2022-12-26,null
2022-12-27,6564.899902
2022-12-28,6566.540039
2022-12-29,6566.390137
2022-12-30,null
2023-01-02,null
2023-01-03,6586.009766
2023-01-04,6718.5
2023-01-05,6761.330078
2023-01-06,6667.970215
2023-01-09,6790.240234
2023-01-10,6756.689941
2023-01-11,6709.339844
2023-01-12,6833.529785
2023-01-13,6951.540039
2023-01-16,7045.47998
2023-01-17,7014.040039
2023-01-18,7094.859863
2023-01-19,7062.009766
2023-01-20,7056.620117
2023-01-23,7069.680176
2023-01-24,7041.5
2023-01-25,7081.359863
2023-01-26,7042.700195
2023-01-27,7052.160156
2023-01-30,6970.970215
2023-01-31,6793.25
2023-02-01,7035.759766
2023-02-02,6986.189941
2023-02-03,7027.379883
2023-02-06,6936.609863
2023-02-07,6881.259766
2023-02-08,6923.080078
2023-02-09,6842.790039
2023-02-10,6876.790039
2023-02-13,6838.75
2023-02-14,6791.240234
2023-02-15,6822.089844
2023-02-16,6815.910156
2023-02-17,6779.02002
2023-02-20,6744.120117
2023-02-21,6800.959961
2023-02-22,6699.22998
2023-02-23,6685.899902
2023-02-24,6685.899902
2023-02-27,6599.339844
2023-02-28,6556.200195
2023-03-01,6607.129883
2023-03-02,6622.450195
2023-03-03,6655.370117
2023-03-06,6671.120117
2023-03-07,6705.120117
2023-03-08,6711.490234
2023-03-09,6609.27002
2023-03-10,6589.879883
2023-03-13,6544.450195
2023-03-14,6393.330078
2023-03-15,6466.100098
2023-03-16,6404.910156
2023-03-17,6469.720215
2023-03-20,6451.02002
2023-03-21,6530.75
2023-03-22,6546.27002
2023-03-23,6536.359863
2023-03-24,6602.169922
2023-03-27,6595.029785
2023-03-28,6603.149902
2023-03-29,6630.970215
2023-03-30,6644.75
2023-03-31,6499.680176
2023-04-03,6529.990234
2023-04-04,6472.040039
2023-04-05,6488.509766
2023-04-06,null
2023-04-07,null
2023-04-10,null
2023-04-11,6479.629883
2023-04-12,6469.419922
2023-04-13,6448.870117
2023-04-14,6481.910156
2023-04-17,6505.620117
2023-04-18,6464.720215
2023-04-19,6446.350098
2023-04-20,6520.439941
2023-04-21,null
2023-04-24,6598.379883
2023-04-25,6593.390137
2023-04-26,6540.240234
2023-04-27,6583.680176
2023-04-28,6625.080078
2023-05-01,null
2023-05-02,6672.689941
2023-05-03,6606.689941
2023-05-04,6684.350098
2023-05-05,6685.660156
2023-05-08,6600.740234
2023-05-09,6622.609863
2023-05-10,6658.589844
2023-05-11,6675.459961
2023-05-12,6578.149902
2023-05-15,6523.149902
2023-05-16,6588.899902
2023-05-17,6635.109863
2023-05-18,6628.640137
2023-05-19,6664.549805
2023-05-22,6620.830078
2023-05-23,6603.560059
2023-05-24,6615.950195
2023-05-25,6560.220215
2023-05-26,6530.200195
2023-05-29,6593.160156
2023-05-30,6510.669922
2023-05-31,6477.359863
2023-06-01,6430.580078
2023-06-02,6512.009766
2023-06-05,6521.640137
2023-06-06,6479.930176
2023-06-07,6564.700195
2023-06-08,6539.359863
2023-06-09,6507.149902
2023-06-12,6507.149902
2023-06-13,6507.259766
2023-06-14,6434.060059
2023-06-15,6461.419922
2023-06-16,6508.339844
2023-06-19,6450.339844
2023-06-20,6448.899902
2023-06-21,6424.209961
2023-06-22,6404.910156
2023-06-23,6393.549805
2023-06-26,6523.089844
2023-06-27,6502.850098
2023-06-28,null
2023-06-29,6511.490234
2023-06-30,6468.069824
2023-07-03,6508.209961
2023-07-04,6514.470215
2023-07-05,6512.390137
2023-07-06,6474.259766
2023-07-07,6379.029785
2023-07-10,6379.720215
2023-07-11,6398.640137
2023-07-12,6466.850098
2023-07-13,6578.490234
2023-07-14,6624.790039
2023-07-17,6550.759766
2023-07-18,6528.799805
2023-07-19,6541.910156
2023-07-20,6613.5
2023-07-21,6647.560059
2023-07-24,6631.25
2023-07-25,6661.109863
2023-07-26,6679.129883
2023-07-27,6677.919922
2023-07-28,6625.259766
2023-07-31,6591.470215
2023-08-01,6593.799805
2023-08-02,6483.279785
2023-08-03,6576.759766
2023-08-04,6450.839844
2023-08-07,6507.779785
2023-08-08,6472.970215
2023-08-09,6530.450195
2023-08-10,6449.660156
2023-08-11,6405.910156
2023-08-14,6329.189941
2023-08-15,6335.910156
2023-08-16,6410.089844
2023-08-17,6364.970215
2023-08-18,6290.27002
2023-08-21,null
2023-08-22,6212.390137
2023-08-23,6179.629883
2023-08-24,6225.779785
2023-08-25,6160.279785
2023-08-28,null
2023-08-29,6225
2023-08-30,6295.290039
2023-08-31,6175.25
2023-09-01,6181.060059
2023-09-04,6214.680176
2023-09-05,6225
2023-09-06,6241.689941
2023-09-07,6183.069824
2023-09-08,6222.939941
2023-09-11,6233.740234
2023-09-12,6230.200195
2023-09-13,6149.180176
2023-09-14,6208.399902
2023-09-15,6126.339844
2023-09-18,6124.569824
2023-09-19,6047.970215
2023-09-20,6041.040039
2023-09-21,6094.709961
2023-09-22,6142.790039
2023-09-25,6172.839844
2023-09-26,6263.939941
2023-09-27,6374.680176
2023-09-28,6385.52002
2023-09-29,6321.240234
2023-10-02,6304.529785
2023-10-03,6305.990234
2023-10-04,6298.200195
2023-10-05,6178.600098
2023-10-06,6259.950195
2023-10-09,6252.160156
2023-10-10,6264.069824
2023-10-11,6253.959961
2023-10-12,6263.060059
2023-10-13,6266.339844
2023-10-16,6198.830078
2023-10-17,6280.899902
2023-10-18,6268.27002
2023-10-19,6219.160156
2023-10-20,6142.899902
2023-10-23,6088.439941
2023-10-24,6039.720215
2023-10-25,6054.5
2023-10-26,6018.490234
2023-10-27,5961.990234
2023-10-30,null
2023-10-31,5973.779785
2023-11-01,null
2023-11-02,null
2023-11-03,5989.27002
2023-11-06,6078.029785
2023-11-07,6131.319824
2023-11-08,6155.029785
2023-11-09,6188.220215
2023-11-10,6161.890137
2023-11-13,6116.140137
2023-11-14,6110.879883
2023-11-15,6171.129883
2023-11-16,6191.47998
2023-11-17,6211.890137
2023-11-20,6183.629883
2023-11-21,6208.830078
2023-11-22,6253.180176
2023-11-23,6246.200195
2023-11-24,6269.5
2023-11-27,null
2023-11-28,6309.569824
2023-11-29,6265.140137
2023-11-30,6223.72998
2023-12-01,6245.180176
2023-12-04,6284.370117
2023-12-05,6308.950195
2023-12-06,6305.850098
2023-12-07,6234.77002
2023-12-08,null
2023-12-11,6228.290039
2023-12-12,6292.390137
2023-12-13,6255.740234
2023-12-14,6410.47998
2023-12-15,6478.439941
2023-12-18,6475.5
2023-12-19,6521.27002
2023-12-20,6520.75
2023-12-21,6469.22998
2023-12-22,6501
2023-12-25,null
2023-12-26,null
2023-12-27,6462.799805
2023-12-28,6519.109863
2023-12-29,6450.040039
