Date,Price
7/7/98,0.02
7/8/98,0.02
7/9/98,0.02
7/10/98,0.02
7/13/98,0.02
7/14/98,0.02
7/15/98,0.02
7/16/98,0.02
7/17/98,0.02
7/20/98,0.02
7/21/98,0.02
7/22/98,0.02
7/23/98,0.02
7/24/98,0.02
7/27/98,0.02
7/28/98,0.02
7/29/98,0.02
7/30/98,0.02
7/31/98,0.02
8/3/98,0.02
8/4/98,0.02
8/5/98,0.02
8/6/98,0.02
8/7/98,0.02
8/10/98,0.02
8/11/98,0.02
8/12/98,0.02
8/13/98,0.02
8/14/98,0.02
8/17/98,0.02
8/18/98,0.02
8/19/98,0.02
8/20/98,0.02
8/21/98,0.02
8/24/98,0.02
8/25/98,0.02
8/26/98,0.02
8/27/98,0.02
8/28/98,0.02
8/31/98,0.02
9/1/98,0.02
9/2/98,0.02
9/3/98,0.02
9/4/98,0.02
9/7/98,0.02
9/8/98,0.02
9/9/98,0.02
9/10/98,0.02
9/11/98,0.02
9/14/98,0.02
9/15/98,0.02
9/16/98,0.02
9/17/98,0.02
9/18/98,0.02
9/21/98,0.02
9/22/98,0.02
9/23/98,0.02
9/24/98,0.02
9/25/98,0.02
9/28/98,0.02
9/29/98,0.02
9/30/98,0.02
10/1/98,0.02
10/2/98,0.02
10/5/98,0.02
10/6/98,0.02
10/7/98,0.02
10/8/98,0.02
10/9/98,0.02
10/12/98,0.02
10/13/98,0.02
10/14/98,0.02
10/15/98,0.02
10/16/98,0.02
10/19/98,0.02
10/20/98,0.02
10/21/98,0.02
10/22/98,0.02
10/23/98,0.02
10/26/98,0.02
10/27/98,0.02
10/28/98,0.02
10/29/98,0.02
10/30/98,0.02
11/2/98,0.02
11/3/98,0.02
11/4/98,0.02
11/5/98,0.02
11/6/98,0.02
11/9/98,0.02
11/10/98,0.02
11/11/98,0.02
11/12/98,0.02
11/13/98,0.02
11/16/98,0.02
11/17/98,0.02
11/18/98,0.02
11/19/98,0.02
11/20/98,0.02
11/23/98,0.02
11/24/98,0.02
11/25/98,0.02
11/26/98,0.02
11/27/98,0.02
11/30/98,0.02
12/1/98,0.02
12/2/98,0.02
12/3/98,0.02
12/4/98,0.02
12/7/98,0.02
12/8/98,0.02
12/9/98,0.02
12/10/98,0.02
12/11/98,0.02
12/14/98,0.02
12/15/98,0.02
12/16/98,0.02
12/17/98,0.02
12/18/98,0.02
12/21/98,0.02
12/22/98,0.02
12/23/98,0.02
12/24/98,0.02
12/25/98,0.02
12/28/98,0.02
12/29/98,0.02
12/30/98,0.02
1/4/99,0.02
1/5/99,0.02
1/6/99,0.02
1/7/99,0.02
1/8/99,0.02
1/11/99,0.02
1/12/99,0.02
1/13/99,0.02
1/14/99,0.02
1/15/99,0.02
1/18/99,0.02
1/19/99,0.02
1/20/99,0.02
1/21/99,0.02
1/22/99,0.02
1/25/99,0.02
1/26/99,0.02
1/27/99,0.02
1/28/99,0.02
1/29/99,0.02
2/1/99,0.02
2/2/99,0.02
2/3/99,0.02
2/4/99,0.02
2/5/99,0.02
2/8/99,0.02
2/9/99,0.02
2/10/99,0.02
2/11/99,0.02
2/12/99,0.02
2/15/99,0.02
2/16/99,0.02
2/17/99,0.02
2/18/99,0.02
2/19/99,0.02
2/22/99,0.02
2/23/99,0.02
2/24/99,0.02
2/25/99,0.02
2/26/99,0.02
3/1/99,0.02
3/2/99,0.02
3/3/99,0.02
3/4/99,0.02
3/5/99,0.02
3/8/99,0.02
3/9/99,0.02
3/10/99,0.02
3/11/99,0.02
3/12/99,0.02
3/15/99,0.02
3/16/99,0.02
3/17/99,0.02
3/18/99,0.02
3/19/99,0.02
3/22/99,0.02
3/23/99,0.02
3/24/99,0.02
3/25/99,0.02
3/26/99,0.02
3/29/99,0.02
3/30/99,0.02
3/31/99,0.02
4/5/99,0.02
4/6/99,0.02
4/7/99,0.02
4/8/99,0.02
4/12/99,0.02
4/13/99,0.02
4/14/99,0.02
4/15/99,0.02
4/16/99,0.02
4/19/99,0.02
4/20/99,0.02
4/21/99,0.02
4/22/99,0.02
4/23/99,0.02
4/26/99,0.02
4/27/99,0.02
4/28/99,0.02
4/29/99,0.02
4/30/99,0.02
5/3/99,0.02
5/4/99,0.02
5/5/99,0.02
5/6/99,0.02
5/7/99,0.02
5/10/99,0.02
5/11/99,0.02
5/12/99,0.02
5/13/99,0.02
5/14/99,0.02
5/17/99,0.02
5/18/99,0.02
5/19/99,0.02
5/20/99,0.02
5/21/99,0.02
5/24/99,0.02
5/25/99,0.02
5/26/99,0.02
5/27/99,0.02
5/28/99,0.02
5/31/99,0.02
6/1/99,0.02
6/2/99,0.02
6/3/99,0.02
6/4/99,0.02
6/7/99,0.02
6/8/99,0.02
6/9/99,0.02
6/10/99,0.02
6/11/99,0.02
6/14/99,0.02
6/15/99,0.02
6/16/99,0.02
6/17/99,0.02
6/18/99,0.02
6/21/99,0.02
6/22/99,0.02
6/23/99,0.02
6/24/99,0.02
6/25/99,0.02
6/28/99,0.02
6/29/99,0.02
6/30/99,0.02
7/1/99,0.02
7/2/99,0.02
7/5/99,0.02
7/6/99,0.02
7/7/99,0.02
7/8/99,0.02
7/9/99,0.02
7/12/99,0.02
7/13/99,0.02
7/14/99,0.02
7/15/99,0.02
7/16/99,0.02
7/19/99,0.02
7/20/99,0.02
7/21/99,0.02
7/22/99,0.02
7/23/99,0.02
7/26/99,0.02
7/27/99,0.02
7/28/99,0.02
7/29/99,0.02
7/30/99,0.02
8/2/99,0.02
8/4/99,0.02
8/5/99,0.02
8/6/99,0.02
8/9/99,0.02
8/10/99,0.02
8/11/99,0.02
8/12/99,0.02
8/13/99,0.02
8/16/99,0.02
8/17/99,0.02
8/18/99,0.02
8/19/99,0.02
8/20/99,0.02
8/23/99,0.02
8/24/99,0.02
8/25/99,0.02
8/26/99,0.02
8/27/99,0.02
8/30/99,0.02
8/31/99,0.02
9/1/99,0.02
9/2/99,0.02
9/3/99,0.02
9/6/99,0.02
9/7/99,0.02
9/8/99,0.02
9/9/99,0.02
9/10/99,0.02
9/13/99,0.02
9/14/99,0.02
9/15/99,0.02
9/16/99,0.02
9/17/99,0.02
9/20/99,0.02
9/21/99,0.02
9/22/99,0.02
9/23/99,0.02
9/24/99,0.02
9/27/99,0.02
9/28/99,0.02
9/29/99,0.02
9/30/99,0.02
10/1/99,0.02
10/4/99,0.02
10/5/99,0.02
10/6/99,0.02
10/7/99,0.02
10/8/99,0.02
10/11/99,0.02
10/12/99,0.02
10/13/99,0.02
10/14/99,0.02
10/15/99,0.02
10/18/99,0.02
10/19/99,0.02
10/20/99,0.02
10/21/99,0.02
10/22/99,0.02
10/25/99,0.02
10/26/99,0.02
10/27/99,0.02
10/28/99,0.02
10/29/99,0.02
11/3/99,0.02
11/4/99,0.02
11/5/99,0.02
11/8/99,0.02
11/9/99,0.02
11/10/99,0.02
11/11/99,0.02
11/12/99,0.02
11/15/99,0.02
11/16/99,0.02
11/17/99,0.02
11/18/99,0.02
11/19/99,0.02
11/22/99,0.02
11/23/99,0.02
11/24/99,0.02
11/25/99,0.02
11/26/99,0.02
11/29/99,0.02
12/1/99,0.02
12/2/99,0.02
12/3/99,0.02
12/6/99,0.02
12/7/99,0.02
12/8/99,0.02
12/9/99,0.02
12/10/99,0.02
12/13/99,0.02
12/14/99,0.02
12/15/99,0.02
12/16/99,0.02
12/17/99,0.02
12/20/99,0.02
12/21/99,0.02
12/22/99,0.02
12/23/99,0.02
12/24/99,0.02
12/27/99,0.02
12/28/99,0.02
12/29/99,0.02
1/3/00,0.02
1/4/00,0.02
1/5/00,0.02
1/6/00,0.02
1/7/00,0.02
1/10/00,0.02
1/11/00,0.02
1/12/00,0.02
1/13/00,0.02
1/14/00,0.02
1/17/00,0.02
1/18/00,0.02
1/19/00,0.02
1/20/00,0.02
1/21/00,0.02
1/24/00,0.02
1/25/00,0.02
1/26/00,0.02
1/27/00,0.02
1/28/00,0.02
1/31/00,0.02
2/1/00,0.02
2/2/00,0.02
2/3/00,0.02
2/4/00,0.02
2/7/00,0.02
2/8/00,0.02
2/9/00,0.02
2/10/00,0.02
2/11/00,0.02
2/14/00,0.02
2/15/00,0.02
2/16/00,0.02
2/17/00,0.02
2/18/00,0.02
2/21/00,0.02
2/22/00,0.02
2/23/00,0.02
2/24/00,0.02
2/28/00,0.02
2/29/00,0.02
3/1/00,0.02
3/2/00,0.02
3/3/00,0.02
3/6/00,0.02
3/7/00,0.02
3/8/00,0.02
3/9/00,0.02
3/10/00,0.02
3/13/00,0.02
3/14/00,0.02
3/15/00,0.02
3/16/00,0.02
3/17/00,0.02
3/20/00,0.02
3/21/00,0.02
3/22/00,0.02
3/23/00,0.02
3/24/00,0.02
3/27/00,0.02
3/28/00,0.02
3/29/00,0.02
3/30/00,0.02
3/31/00,0.02
4/3/00,0.02
4/4/00,0.02
4/5/00,0.02
4/6/00,0.02
4/7/00,0.02
4/10/00,0.02
4/11/00,0.02
4/12/00,0.02
4/13/00,0.02
4/14/00,0.02
4/17/00,0.02
4/18/00,0.02
4/19/00,0.02
4/24/00,0.02
4/25/00,0.02
4/26/00,0.02
4/27/00,0.02
4/28/00,0.02
5/2/00,0.02
5/3/00,0.02
5/4/00,0.02
5/5/00,0.02
5/8/00,0.02
5/9/00,0.02
5/10/00,0.02
5/11/00,0.02
5/12/00,0.02
5/15/00,0.02
5/16/00,0.02
5/17/00,0.02
5/18/00,0.02
5/19/00,0.02
5/22/00,0.02
5/23/00,0.02
5/24/00,0.02
5/25/00,0.02
5/26/00,0.02
5/29/00,0.02
5/30/00,0.02
5/31/00,0.02
6/1/00,0.02
6/2/00,0.02
6/5/00,0.02
6/6/00,0.02
6/7/00,0.02
6/8/00,0.02
6/9/00,0.02
6/13/00,0.02
6/14/00,0.02
6/15/00,0.02
6/16/00,0.02
6/19/00,0.02
6/20/00,0.02
6/21/00,0.02
6/22/00,0.02
6/23/00,0.02
6/26/00,0.02
6/27/00,0.02
6/28/00,0.02
6/29/00,0.02
6/30/00,0.02
7/3/00,0.02
7/4/00,0.02
7/5/00,0.02
7/6/00,0.02
7/7/00,0.02
7/10/00,0.02
7/11/00,0.02
7/12/00,0.02
7/13/00,0.02
7/14/00,0.02
7/17/00,0.02
7/18/00,0.02
7/19/00,0.02
7/20/00,0.02
7/21/00,0.02
7/24/00,0.02
7/25/00,0.02
7/26/00,0.02
7/27/00,0.02
7/28/00,0.02
7/31/00,0.02
8/1/00,1.23
8/2/00,1.23
8/3/00,0.77
8/4/00,0.77
8/7/00,0.77
8/8/00,0.77
8/9/00,0.77
8/10/00,0.77
8/11/00,0.77
8/14/00,0.77
8/15/00,0.77
8/16/00,0.77
8/17/00,0.77
8/18/00,0.77
8/21/00,0.77
8/22/00,0.77
8/23/00,0.77
8/24/00,0.77
8/25/00,0.77
8/28/00,0.77
8/29/00,0.77
8/30/00,0.77
8/31/00,0.77
9/1/00,0.77
9/4/00,0.77
9/5/00,0.77
9/6/00,0.77
9/7/00,0.77
9/8/00,0.77
9/11/00,0.77
9/12/00,0.77
9/13/00,0.77
9/14/00,0.77
9/15/00,0.77
9/18/00,0.77
9/19/00,0.77
9/20/00,0.77
9/21/00,0.77
9/22/00,0.77
9/25/00,0.77
9/26/00,0.77
9/27/00,0.77
9/28/00,0.77
9/29/00,0.77
10/2/00,0.77
10/3/00,0.77
10/4/00,0.77
10/5/00,0.77
10/6/00,0.77
10/9/00,0.77
10/10/00,0.77
10/11/00,0.77
10/12/00,0.77
10/13/00,0.77
10/16/00,0.77
10/17/00,0.77
10/18/00,0.77
10/19/00,0.77
10/20/00,0.77
10/23/00,0.77
10/24/00,0.77
10/25/00,0.77
10/26/00,0.77
10/27/00,0.77
10/30/00,0.77
10/31/00,0.77
11/6/00,0.77
11/7/00,0.77
11/8/00,0.77
11/9/00,0.77
11/10/00,0.77
11/13/00,0.77
11/14/00,0.77
11/15/00,0.77
11/16/00,0.77
11/17/00,0.77
11/20/00,0.77
11/21/00,0.77
11/22/00,0.77
11/23/00,0.77
11/24/00,0.77
11/27/00,0.77
11/28/00,0.77
11/29/00,0.77
12/1/00,0.77
12/4/00,0.77
12/5/00,0.77
12/6/00,0.77
12/7/00,0.77
12/8/00,0.77
12/11/00,0.77
12/12/00,0.77
12/13/00,0.77
12/14/00,0.77
12/15/00,0.77
12/18/00,0.77
12/19/00,0.77
12/20/00,0.77
12/21/00,0.77
12/22/00,0.77
12/26/00,0.77
12/27/00,0.77
12/28/00,0.77
12/29/00,0.77
1/2/01,0.77
1/3/01,0.77
1/4/01,0.77
1/5/01,0.77
1/8/01,0.77
1/9/01,0.77
1/10/01,0.77
1/11/01,0.77
1/12/01,0.77
1/15/01,0.77
1/16/01,0.77
1/17/01,0.77
1/18/01,0.77
1/19/01,0.77
1/22/01,0.77
1/23/01,0.77
1/24/01,0.77
1/25/01,0.77
1/26/01,0.77
1/29/01,0.77
1/30/01,0.77
1/31/01,0.77
2/1/01,0.77
2/2/01,0.77
2/5/01,0.77
2/6/01,0.77
2/7/01,0.77
2/8/01,0.77
2/9/01,0.77
2/12/01,0.77
2/13/01,0.77
2/14/01,0.77
2/15/01,0.77
2/16/01,0.77
2/19/01,0.77
2/20/01,0.77
2/21/01,0.77
2/22/01,0.77
2/23/01,0.77
2/26/01,0.77
2/27/01,0.77
2/28/01,0.77
3/1/01,0.77
3/2/01,0.77
3/5/01,0.77
3/6/01,0.77
3/7/01,0.77
3/8/01,0.77
3/9/01,0.77
3/12/01,0.77
3/13/01,0.77
3/14/01,0.77
3/15/01,0.77
3/16/01,0.77
3/19/01,0.77
3/20/01,0.77
3/21/01,0.77
3/22/01,0.77
3/23/01,0.77
3/26/01,0.77
3/27/01,0.77
3/28/01,0.77
3/29/01,0.77
3/30/01,0.77
4/2/01,0.77
4/3/01,0.77
4/4/01,0.77
4/5/01,0.77
4/6/01,0.77
4/10/01,0.77
4/11/01,0.77
4/16/01,0.77
4/17/01,0.77
4/18/01,0.77
4/19/01,0.77
4/20/01,0.77
4/23/01,0.77
4/24/01,0.77
4/25/01,0.77
4/26/01,0.77
4/27/01,0.77
4/30/01,0.77
5/2/01,0.77
5/3/01,0.77
5/4/01,0.77
5/7/01,0.77
5/8/01,0.77
5/9/01,0.77
5/10/01,0.77
5/11/01,0.77
5/15/01,0.77
5/16/01,0.77
5/17/01,0.77
5/18/01,0.77
5/21/01,0.77
5/22/01,0.77
5/23/01,0.77
5/24/01,0.77
5/25/01,0.77
5/28/01,0.77
5/29/01,0.77
5/30/01,0.77
5/31/01,0.77
6/1/01,0.77
6/4/01,0.77
6/5/01,0.77
6/6/01,0.77
6/7/01,0.77
6/8/01,0.77
6/11/01,0.77
6/13/01,0.77
6/14/01,0.77
6/15/01,0.77
6/18/01,0.77
6/19/01,0.77
6/20/01,0.77
6/21/01,0.77
6/22/01,0.77
6/25/01,0.77
6/26/01,0.77
6/27/01,0.77
6/28/01,0.77
6/29/01,0.77
7/2/01,0.77
7/3/01,0.77
7/4/01,0.77
7/5/01,0.77
7/6/01,0.77
7/9/01,0.77
7/10/01,0.77
7/11/01,0.77
7/12/01,0.77
7/13/01,0.77
7/16/01,0.77
7/17/01,0.77
7/18/01,0.77
7/19/01,0.77
7/20/01,0.77
7/23/01,0.77
7/24/01,0.77
7/25/01,0.77
7/26/01,0.77
7/27/01,0.77
7/30/01,0.77
7/31/01,0.77
8/1/01,0.77
8/2/01,0.77
8/3/01,0.77
8/6/01,0.77
8/7/01,0.77
8/8/01,0.77
8/9/01,0.77
8/10/01,0.77
8/13/01,0.77
8/14/01,0.77
8/15/01,0.77
8/16/01,0.77
8/17/01,0.77
8/20/01,0.77
8/21/01,0.77
8/22/01,0.77
8/23/01,0.77
8/24/01,0.77
8/27/01,0.77
8/28/01,0.77
8/29/01,0.77
8/30/01,0.77
8/31/01,0.77
9/3/01,0.77
9/4/01,0.77
9/5/01,0.77
9/6/01,0.77
9/7/01,0.77
9/10/01,0.77
9/11/01,0.77
9/12/01,0.77
9/13/01,0.77
9/14/01,0.77
9/17/01,0.77
9/18/01,0.77
9/19/01,0.77
9/20/01,0.77
9/21/01,0.77
9/24/01,0.77
9/25/01,0.77
9/26/01,0.77
9/27/01,0.77
9/28/01,0.77
10/1/01,0.77
10/2/01,0.77
10/3/01,0.77
10/4/01,0.77
10/5/01,0.77
10/8/01,0.77
10/9/01,0.77
10/10/01,0.77
10/11/01,0.77
10/12/01,0.77
10/15/01,0.77
10/16/01,0.77
10/17/01,0.77
10/18/01,0.77
10/19/01,0.77
10/22/01,0.77
10/23/01,0.77
10/24/01,0.77
10/25/01,0.77
10/26/01,0.77
10/29/01,0.77
10/30/01,0.77
10/31/01,0.77
11/5/01,0.77
11/6/01,0.77
11/7/01,0.77
11/8/01,0.77
11/9/01,0.77
11/12/01,0.77
11/13/01,0.77
11/14/01,0.77
11/15/01,0.77
11/16/01,0.77
11/19/01,0.77
11/20/01,0.77
11/21/01,0.77
11/22/01,0.77
11/23/01,0.77
11/26/01,0.77
11/27/01,0.77
11/28/01,0.77
11/29/01,0.77
12/3/01,0.77
12/4/01,0.77
12/5/01,0.77
12/6/01,0.77
12/7/01,0.77
12/10/01,0.77
12/11/01,0.77
12/12/01,0.77
12/13/01,0.77
12/14/01,0.77
12/18/01,0.77
12/19/01,0.77
12/20/01,0.77
12/21/01,0.77
12/26/01,0.77
12/27/01,0.77
12/28/01,0.77
1/2/02,0.77
1/3/02,0.77
1/4/02,0.77
1/7/02,0.77
1/8/02,0.77
1/9/02,0.77
1/10/02,0.77
1/11/02,0.77
1/14/02,0.77
1/15/02,0.77
1/16/02,0.77
1/17/02,0.77
1/18/02,0.77
1/21/02,0.77
1/22/02,0.77
1/23/02,0.77
1/24/02,0.77
1/25/02,0.77
1/28/02,0.77
1/29/02,0.77
1/30/02,0.77
1/31/02,0.77
2/1/02,0.77
2/4/02,0.77
2/5/02,0.77
2/6/02,0.77
2/7/02,0.77
2/8/02,0.77
2/11/02,0.77
2/12/02,0.77
2/13/02,0.77
2/14/02,0.77
2/15/02,0.77
2/18/02,0.77
2/19/02,0.77
2/20/02,0.77
2/21/02,0.77
2/22/02,0.77
2/26/02,0.77
2/27/02,0.77
2/28/02,0.77
3/1/02,0.77
3/4/02,0.77
3/5/02,0.77
3/6/02,0.77
3/7/02,0.77
3/8/02,0.77
3/11/02,0.77
3/12/02,0.77
3/13/02,0.77
3/14/02,0.77
3/15/02,0.77
3/18/02,0.77
3/19/02,0.77
3/20/02,0.77
3/21/02,0.77
3/22/02,0.77
3/25/02,0.77
3/26/02,0.77
3/27/02,0.77
4/1/02,0.77
4/2/02,0.77
4/3/02,0.77
4/4/02,0.77
4/5/02,0.77
4/9/02,0.77
4/10/02,0.77
4/11/02,0.77
4/12/02,0.77
4/15/02,0.77
4/16/02,0.77
4/17/02,0.77
4/18/02,0.77
4/19/02,0.77
4/22/02,0.77
4/23/02,0.77
4/24/02,0.77
4/25/02,0.77
4/26/02,0.77
4/29/02,0.77
4/30/02,0.77
5/2/02,0.77
5/3/02,0.77
5/6/02,0.77
5/7/02,0.77
5/8/02,0.77
5/9/02,0.77
5/10/02,0.77
5/13/02,0.77
5/14/02,0.77
5/15/02,0.77
5/16/02,0.77
5/17/02,0.77
5/20/02,0.77
5/21/02,0.77
5/22/02,0.77
5/23/02,0.77
5/24/02,0.77
5/27/02,0.77
5/28/02,0.77
5/29/02,0.77
5/30/02,0.77
5/31/02,0.77
6/3/02,0.77
6/4/02,0.77
6/5/02,0.77
6/6/02,0.77
6/7/02,0.77
6/10/02,0.77
6/11/02,0.77
6/13/02,0.77
6/14/02,0.77
6/17/02,0.77
6/18/02,0.77
6/19/02,0.77
6/20/02,0.77
6/21/02,0.77
6/24/02,0.77
6/25/02,0.77
6/26/02,0.77
6/27/02,0.77
6/28/02,0.77
7/1/02,0.77
7/2/02,0.77
7/3/02,0.77
7/4/02,0.77
7/5/02,0.77
7/8/02,0.77
7/9/02,0.77
7/10/02,0.77
7/11/02,0.77
7/12/02,0.77
7/16/02,0.77
7/17/02,0.77
7/18/02,0.77
7/19/02,0.77
7/22/02,0.77
7/23/02,0.77
7/24/02,0.77
7/25/02,0.77
7/26/02,0.77
7/29/02,0.77
7/30/02,0.77
7/31/02,0.77
8/1/02,0.77
8/2/02,0.77
8/5/02,0.77
8/6/02,0.77
8/7/02,0.77
8/8/02,0.77
8/9/02,0.77
8/12/02,0.77
8/13/02,0.77
8/14/02,0.77
8/15/02,0.77
8/16/02,0.77
8/19/02,0.77
8/20/02,0.77
8/21/02,0.77
8/22/02,0.77
8/23/02,0.77
8/26/02,0.77
8/27/02,0.77
8/28/02,0.77
8/29/02,0.77
8/30/02,0.77
9/2/02,0.77
9/3/02,0.77
9/4/02,0.77
9/5/02,0.77
9/6/02,0.77
9/9/02,0.77
9/10/02,0.77
9/11/02,0.77
9/12/02,0.77
9/13/02,0.77
9/16/02,0.77
9/17/02,0.77
9/18/02,0.77
9/19/02,0.77
9/20/02,0.77
9/23/02,0.77
9/24/02,0.77
9/25/02,0.77
9/26/02,0.77
9/27/02,0.77
9/30/02,0.77
10/1/02,0.77
10/2/02,0.77
10/3/02,0.77
10/4/02,0.77
10/7/02,0.77
10/8/02,0.77
10/9/02,0.77
10/10/02,0.77
10/11/02,0.77
10/14/02,0.77
10/15/02,0.77
10/16/02,0.77
10/17/02,0.77
10/18/02,0.77
10/21/02,0.77
10/22/02,0.77
10/23/02,0.77
10/24/02,0.77
10/25/02,0.77
10/28/02,0.77
10/29/02,0.77
10/30/02,0.77
11/4/02,0.77
11/5/02,0.77
11/6/02,0.77
11/7/02,0.77
11/8/02,0.77
11/11/02,0.77
11/12/02,0.77
11/13/02,0.77
11/14/02,0.77
11/15/02,0.77
11/18/02,0.77
11/19/02,0.77
11/20/02,0.77
11/21/02,0.77
11/22/02,0.77
11/25/02,0.77
11/26/02,0.77
11/27/02,0.77
11/28/02,0.77
11/29/02,0.77
12/2/02,0.77
12/3/02,0.77
12/4/02,0.77
12/5/02,0.77
12/9/02,0.77
12/10/02,0.77
12/11/02,0.77
12/12/02,0.77
12/13/02,0.77
12/16/02,0.77
12/17/02,0.77
12/18/02,0.77
12/19/02,0.77
12/20/02,0.77
12/23/02,1.13
12/26/02,1.13
12/27/02,1.13
1/2/03,1.13
1/3/03,1.13
1/6/03,1.13
1/7/03,1.13
1/8/03,1.13
1/9/03,1.13
1/10/03,1.13
1/13/03,1.13
1/14/03,1.13
1/15/03,1.13
1/16/03,1.13
1/17/03,1.13
1/20/03,1.13
1/21/03,1.13
1/22/03,1.13
1/23/03,1.13
1/24/03,1.13
1/27/03,1.13
1/28/03,1.13
1/29/03,1.13
1/30/03,1.13
1/31/03,1.13
2/3/03,1.13
2/4/03,1.13
2/5/03,1.13
2/6/03,1.13
2/7/03,1.13
2/10/03,1.13
2/11/03,1.13
2/12/03,1.13
2/13/03,1.13
2/14/03,1.13
2/17/03,1.13
2/18/03,1.13
2/19/03,1.13
2/20/03,1.13
2/21/03,1.13
2/24/03,1.13
2/26/03,1.13
2/27/03,1.13
2/28/03,1.13
3/3/03,1.13
3/4/03,1.13
3/5/03,1.13
3/6/03,1.13
3/7/03,1.13
3/10/03,1.13
3/11/03,1.13
3/12/03,1.13
3/13/03,1.13
3/14/03,1.13
3/17/03,1.13
3/18/03,1.13
3/19/03,1.13
3/20/03,1.13
3/21/03,1.13
3/24/03,1.13
3/25/03,1.13
3/26/03,1.13
3/27/03,1.13
3/28/03,1.13
3/31/03,1.13
4/1/03,1.13
4/2/03,1.13
4/3/03,1.13
4/4/03,1.13
4/8/03,1.13
4/9/03,1.13
4/10/03,1.13
4/11/03,1.13
4/14/03,1.13
4/15/03,1.13
4/16/03,1.13
4/21/03,1.13
4/22/03,1.13
4/23/03,1.13
4/24/03,1.13
4/25/03,1.13
4/28/03,1.13
4/29/03,1.13
4/30/03,1.13
5/5/03,1.13
5/6/03,1.13
5/7/03,1.13
5/8/03,1.13
5/9/03,1.13
5/12/03,1.13
5/13/03,1.13
5/14/03,1.13
5/15/03,1.13
5/16/03,1.13
5/19/03,1.13
5/20/03,1.13
5/21/03,1.13
5/22/03,1.13
5/23/03,1.13
5/26/03,1.13
5/27/03,1.13
5/28/03,1.13
5/29/03,1.13
5/30/03,1.13
6/2/03,1.13
6/3/03,1.13
6/4/03,1.13
6/5/03,1.13
6/6/03,1.13
6/9/03,1.13
6/10/03,1.13
6/11/03,1.13
6/12/03,1.13
6/16/03,1.13
6/17/03,1.13
6/18/03,1.13
6/19/03,1.13
6/20/03,1.13
6/23/03,1.13
6/24/03,1.13
6/25/03,1.13
6/26/03,1.13
6/27/03,1.13
6/30/03,1.13
7/1/03,1.13
7/2/03,1.13
7/3/03,1.13
7/4/03,1.13
7/7/03,1.13
7/8/03,1.13
7/9/03,1.13
7/10/03,1.13
7/11/03,1.13
7/14/03,1.13
7/15/03,1.13
7/16/03,1.13
7/17/03,1.13
7/18/03,1.13
7/21/03,1.13
7/22/03,1.13
7/23/03,1.13
7/24/03,1.13
7/25/03,1.13
7/28/03,1.13
7/29/03,1.13
7/30/03,1.13
7/31/03,1.13
8/1/03,1.13
8/4/03,1.13
8/5/03,1.13
8/6/03,1.13
8/7/03,1.13
8/8/03,1.13
8/11/03,1.13
8/12/03,1.13
8/13/03,1.13
8/14/03,1.13
8/15/03,1.13
8/18/03,1.13
8/19/03,1.13
8/20/03,1.13
8/21/03,1.13
8/25/03,1.13
8/26/03,1.13
8/27/03,1.13
8/28/03,1.13
8/29/03,1.13
9/1/03,1.13
9/2/03,1.13
9/3/03,1.13
9/4/03,1.13
9/5/03,1.13
9/8/03,1.13
9/9/03,1.13
9/10/03,1.13
9/11/03,1.13
9/12/03,1.13
9/15/03,1.13
9/16/03,1.13
9/17/03,1.13
9/18/03,1.13
9/19/03,1.13
9/22/03,1.13
9/23/03,1.13
9/24/03,1.13
9/25/03,1.13
9/26/03,1.13
9/29/03,1.13
9/30/03,1.13
10/1/03,1.13
10/2/03,1.13
10/3/03,1.13
10/6/03,1.13
10/7/03,1.13
10/8/03,1.13
10/9/03,1.13
10/10/03,1.13
10/13/03,1.13
10/14/03,1.13
10/15/03,1.13
10/16/03,1.13
10/17/03,1.13
10/20/03,1.13
10/21/03,1.13
10/22/03,1.13
10/23/03,1.13
10/24/03,1.13
10/27/03,1.13
10/28/03,1.13
10/29/03,1.13
10/30/03,1.13
10/31/03,1.13
11/3/03,1.13
11/4/03,1.13
11/5/03,1.13
11/6/03,1.13
11/7/03,1.13
11/10/03,1.13
11/11/03,1.13
11/12/03,1.13
11/13/03,1.13
11/14/03,1.13
11/17/03,1.13
11/18/03,1.13
11/19/03,1.13
11/20/03,1.13
11/21/03,1.13
11/24/03,1.13
11/25/03,1.13
11/27/03,1.13
11/28/03,1.13
12/1/03,1.13
12/2/03,1.13
12/3/03,1.13
12/4/03,1.13
12/5/03,1.13
12/8/03,1.13
12/9/03,1.13
12/10/03,1.13
12/11/03,1.13
12/12/03,1.13
12/15/03,1.13
12/16/03,1.13
12/17/03,1.13
12/18/03,1.13
12/19/03,1.13
12/22/03,1.13
12/23/03,1.13
12/29/03,1.13
12/30/03,1.13
1/5/04,1.13
1/6/04,1.13
1/7/04,1.13
1/8/04,1.13
1/9/04,1.13
1/12/04,1.13
1/13/04,1.13
1/14/04,1.13
1/15/04,1.13
1/16/04,1.13
1/19/04,1.13
1/20/04,1.13
1/21/04,1.13
1/22/04,1.13
1/23/04,1.13
1/26/04,1.13
1/27/04,1.13
1/28/04,1.13
1/29/04,1.13
1/30/04,1.13
2/2/04,1.13
2/3/04,1.13
2/4/04,1.13
2/5/04,1.13
2/6/04,1.13
2/9/04,1.13
2/10/04,1.13
2/11/04,1.13
2/12/04,1.13
2/13/04,1.13
2/16/04,1.13
2/17/04,1.13
2/18/04,1.13
2/19/04,1.13
2/20/04,1.13
2/23/04,1.13
2/24/04,1.13
2/26/04,1.13
2/27/04,1.13
3/1/04,1.13
3/2/04,1.13
3/3/04,1.13
3/4/04,1.13
3/5/04,1.13
3/8/04,1.13
3/9/04,1.13
3/10/04,1.13
3/11/04,1.13
3/12/04,1.13
3/15/04,1.13
3/16/04,1.13
3/17/04,1.13
3/18/04,1.13
3/19/04,1.13
3/22/04,1.13
3/23/04,1.13
3/24/04,1.13
3/25/04,1.13
3/26/04,1.13
3/29/04,1.13
3/30/04,1.13
3/31/04,1.13
4/1/04,1.13
4/2/04,1.13
4/5/04,1.13
4/6/04,1.13
4/12/04,1.13
4/13/04,1.13
4/14/04,1.13
4/15/04,1.13
4/16/04,1.13
4/19/04,1.13
4/20/04,1.13
4/21/04,1.13
4/22/04,1.13
4/23/04,1.13
4/26/04,1.13
4/27/04,1.13
4/28/04,1.13
4/29/04,1.13
4/30/04,1.13
5/3/04,1.13
5/4/04,1.13
5/5/04,1.13
5/6/04,1.13
5/7/04,1.13
5/11/04,1.13
5/12/04,1.13
5/13/04,1.13
5/14/04,1.13
5/17/04,1.13
5/18/04,1.13
5/19/04,1.13
5/20/04,1.13
5/21/04,1.13
5/24/04,1.13
5/25/04,1.13
5/26/04,1.13
5/27/04,1.13
5/28/04,1.13
5/31/04,1.13
6/1/04,1.13
6/2/04,1.13
6/3/04,1.13
6/4/04,1.13
6/7/04,1.13
6/8/04,1.13
6/9/04,1.13
6/10/04,1.13
6/11/04,1.13
6/14/04,1.13
6/15/04,1.13
6/16/04,1.13
6/17/04,1.13
6/18/04,1.13
6/21/04,1.13
6/22/04,1.13
6/23/04,1.13
6/24/04,1.13
6/25/04,1.13
6/28/04,1.13
6/29/04,1.13
6/30/04,1.13
7/1/04,1.13
7/2/04,1.13
7/5/04,1.13
7/6/04,1.13
7/7/04,1.13
7/8/04,1.13
7/9/04,1.13
7/12/04,1.13
7/13/04,1.13
7/14/04,1.13
7/15/04,1.13
7/16/04,1.13
7/19/04,1.13
7/20/04,1.13
7/21/04,1.13
7/22/04,1.13
7/23/04,1.13
7/26/04,1.13
7/27/04,1.13
7/28/04,1.13
7/29/04,1.13
7/30/04,1.13
8/2/04,1.13
8/3/04,1.13
8/4/04,1.13
8/5/04,1.13
8/6/04,1.13
8/9/04,1.13
8/10/04,1.13
8/11/04,1.13
8/12/04,1.13
8/13/04,1.13
8/16/04,1.13
8/17/04,1.13
8/18/04,1.13
8/19/04,1.13
8/20/04,1.13
8/23/04,1.13
8/24/04,1.13
8/25/04,1.13
8/26/04,1.13
8/27/04,1.13
8/30/04,1.13
8/31/04,1.13
9/1/04,1.13
9/2/04,1.13
9/3/04,1.13
9/6/04,1.13
9/7/04,1.13
9/8/04,1.13
9/9/04,1.13
9/10/04,1.13
9/13/04,1.13
9/14/04,1.13
9/15/04,1.13
9/16/04,1.13
9/17/04,1.13
9/20/04,1.13
9/21/04,1.13
9/22/04,1.13
9/23/04,1.13
9/24/04,1.13
9/27/04,1.13
9/28/04,1.13
9/29/04,1.13
9/30/04,1.13
10/1/04,1.13
10/4/04,1.13
10/5/04,1.13
10/6/04,1.13
10/7/04,1.13
10/8/04,1.13
10/11/04,1.13
10/12/04,1.13
10/13/04,1.13
10/14/04,1.13
10/15/04,1.13
10/18/04,1.13
10/19/04,1.13
10/20/04,1.13
10/21/04,1.13
10/22/04,1.13
10/25/04,1.13
10/26/04,1.13
10/27/04,1.13
10/28/04,1.13
10/29/04,1.13
11/2/04,1.13
11/3/04,1.13
11/4/04,1.13
11/5/04,1.13
11/8/04,1.13
11/9/04,1.13
11/10/04,1.13
11/11/04,1.13
11/12/04,1.13
11/16/04,1.13
11/17/04,1.13
11/18/04,1.13
11/19/04,1.13
11/22/04,1.13
11/23/04,1.13
11/24/04,1.13
11/25/04,1.13
11/26/04,1.13
11/30/04,1.13
12/1/04,1.13
12/2/04,1.13
12/6/04,1.13
12/7/04,1.13
12/8/04,1.13
12/9/04,1.13
12/10/04,1.13
12/13/04,1.13
12/14/04,1.13
12/15/04,1.13
12/16/04,1.13
12/17/04,1.13
12/20/04,1.13
12/21/04,1.13
12/22/04,1.13
12/23/04,1.13
12/28/04,1.13
12/29/04,1.13
1/3/05,1.13
1/4/05,1.13
1/5/05,1.13
1/6/05,1.13
1/7/05,1.13
1/10/05,1.13
1/11/05,1.13
1/12/05,1.13
1/13/05,1.13
1/14/05,1.13
1/17/05,1.13
1/18/05,1.13
1/19/05,1.13
1/20/05,1.13
1/21/05,1.13
1/24/05,1.13
1/25/05,1.13
1/26/05,1.13
1/27/05,1.13
1/28/05,1.13
1/31/05,1.13
2/1/05,1.13
2/2/05,1.13
2/3/05,1.13
2/4/05,3.2
2/7/05,3.34
2/8/05,3.27
2/9/05,3.01
2/10/05,3.01
2/11/05,2.91
2/14/05,3.24
2/15/05,3.1
2/16/05,3.1
2/17/05,3.01
2/18/05,2.94
2/21/05,2.87
2/22/05,2.97
2/23/05,3.01
2/24/05,2.97
2/28/05,2.91
3/1/05,2.97
3/2/05,2.81
3/3/05,2.84
3/4/05,2.81
3/7/05,2.84
3/8/05,2.87
3/9/05,3.01
3/10/05,3.04
3/11/05,3.01
3/14/05,2.97
3/15/05,2.94
3/16/05,2.91
3/17/05,2.81
3/18/05,2.38
3/21/05,2.64
3/22/05,2.61
3/28/05,2.68
3/29/05,2.54
3/30/05,2.54
3/31/05,2.51
4/1/05,2.44
4/4/05,2.48
4/5/05,2.41
4/6/05,2.38
4/7/05,2.25
4/8/05,2.28
4/11/05,2.18
4/12/05,2.18
4/13/05,2.25
4/14/05,2.34
4/15/05,2.34
4/18/05,2.34
4/19/05,2.34
4/20/05,2.38
4/21/05,2.41
4/22/05,2.44
4/25/05,2.48
4/26/05,2.41
4/27/05,2.18
4/28/05,2.18
4/29/05,2.18
5/3/05,2.18
5/4/05,2.15
5/5/05,2.15
5/6/05,2.18
5/9/05,2.21
5/10/05,2.11
5/11/05,2.11
5/12/05,2.01
5/13/05,1.95
5/16/05,1.78
5/17/05,1.88
5/18/05,1.85
5/19/05,1.85
5/20/05,1.92
5/23/05,1.88
5/24/05,1.92
5/25/05,1.82
5/26/05,1.85
5/27/05,1.88
5/30/05,1.98
5/31/05,2.18
6/1/05,2.15
6/2/05,2.18
6/3/05,2.18
6/6/05,2.28
6/7/05,2.18
6/8/05,2.11
6/9/05,2.08
6/10/05,2.08
6/14/05,2.05
6/15/05,2.11
6/16/05,2.05
6/17/05,2.15
6/20/05,2.15
6/21/05,2.08
6/22/05,2.08
6/23/05,1.98
6/24/05,1.85
6/27/05,1.85
6/28/05,1.68
6/29/05,1.63
6/30/05,1.68
7/1/05,1.75
7/4/05,1.59
7/5/05,1.6
7/6/05,1.62
7/7/05,1.65
7/8/05,1.85
7/11/05,1.78
7/12/05,1.82
7/13/05,1.88
7/14/05,1.88
7/15/05,1.95
7/18/05,1.92
7/19/05,1.85
7/20/05,1.88
7/21/05,1.85
7/22/05,1.95
7/26/05,1.88
7/27/05,1.85
7/28/05,1.92
7/29/05,1.92
8/1/05,1.88
8/2/05,1.88
8/3/05,1.82
8/4/05,1.85
8/5/05,1.82
8/8/05,1.88
8/9/05,1.88
8/10/05,1.85
8/11/05,1.85
8/12/05,1.88
8/15/05,1.85
8/16/05,1.85
8/17/05,1.85
8/18/05,1.78
8/19/05,1.85
8/22/05,1.82
8/23/05,1.92
8/24/05,1.85
8/25/05,1.82
8/26/05,1.85
8/30/05,1.82
8/31/05,1.82
9/1/05,1.85
9/2/05,1.92
9/5/05,1.92
9/6/05,1.92
9/7/05,1.95
9/8/05,1.95
9/9/05,1.92
9/12/05,1.88
9/13/05,1.88
9/14/05,1.88
9/15/05,1.88
9/16/05,1.88
9/19/05,1.88
9/20/05,1.88
9/21/05,1.88
9/22/05,1.88
9/23/05,1.85
9/26/05,1.85
9/27/05,1.85
9/28/05,1.82
9/29/05,1.68
9/30/05,1.72
10/3/05,1.72
10/4/05,1.72
10/5/05,1.72
10/6/05,1.72
10/7/05,1.75
10/10/05,1.72
10/11/05,1.72
10/12/05,1.68
10/13/05,1.68
10/14/05,1.72
10/17/05,1.68
10/18/05,1.65
10/19/05,1.68
10/20/05,1.68
10/21/05,1.63
10/24/05,1.68
10/25/05,1.78
10/26/05,1.75
10/27/05,1.72
10/28/05,1.68
11/2/05,1.68
11/3/05,1.75
11/7/05,1.75
11/8/05,1.82
11/9/05,1.85
11/10/05,1.82
11/11/05,1.82
11/14/05,1.78
11/15/05,1.82
11/16/05,1.65
11/17/05,1.72
11/18/05,1.82
11/21/05,1.82
11/22/05,1.88
11/23/05,1.78
11/24/05,1.75
11/25/05,1.75
11/29/05,1.85
11/30/05,1.85
12/1/05,1.85
12/2/05,1.85
12/5/05,1.82
12/6/05,1.82
12/7/05,1.85
12/8/05,1.85
12/9/05,1.85
12/12/05,1.85
12/13/05,1.85
12/14/05,1.78
12/15/05,1.82
12/16/05,1.88
12/19/05,1.78
12/20/05,1.82
12/21/05,1.78
12/22/05,1.75
12/23/05,1.82
12/27/05,1.88
12/28/05,1.92
12/29/05,1.92
1/2/06,1.88
1/3/06,1.88
1/4/06,1.88
1/5/06,1.85
1/6/06,1.82
1/9/06,1.82
1/10/06,1.85
1/11/06,1.75
1/12/06,1.72
1/13/06,1.68
1/16/06,1.72
1/17/06,1.65
1/18/06,1.68
1/19/06,1.68
1/20/06,1.72
1/23/06,1.68
1/24/06,1.72
1/25/06,1.72
1/26/06,1.72
1/27/06,1.72
1/30/06,1.75
1/31/06,1.75
2/1/06,1.72
2/2/06,1.72
2/3/06,1.72
2/6/06,1.75
2/7/06,1.78
2/8/06,1.78
2/9/06,1.78
2/10/06,1.82
2/13/06,1.85
2/14/06,1.88
2/15/06,1.88
2/16/06,1.82
2/17/06,1.78
2/20/06,1.78
2/21/06,1.78
2/22/06,1.78
2/23/06,1.85
2/24/06,1.75
2/27/06,1.75
2/28/06,1.82
3/1/06,1.78
3/2/06,1.75
3/3/06,1.75
3/6/06,1.75
3/7/06,1.75
3/8/06,1.75
3/9/06,1.75
3/10/06,1.75
3/13/06,1.75
3/14/06,1.75
3/15/06,1.75
3/16/06,1.75
3/17/06,1.75
3/20/06,1.75
3/21/06,1.72
3/22/06,1.63
3/23/06,1.65
3/24/06,1.72
3/27/06,1.68
3/28/06,1.68
3/29/06,1.68
3/30/06,1.68
3/31/06,1.72
4/3/06,1.68
4/4/06,1.68
4/5/06,1.72
4/6/06,1.78
4/7/06,1.82
4/10/06,1.78
4/11/06,1.85
4/12/06,1.85
4/17/06,1.85
4/18/06,1.82
4/19/06,1.85
4/20/06,2.01
4/21/06,2.05
4/24/06,1.98
4/25/06,1.95
4/26/06,1.85
4/27/06,1.85
4/28/06,1.82
5/2/06,1.82
5/3/06,1.88
5/4/06,1.92
5/5/06,1.88
5/8/06,1.95
5/9/06,1.95
5/10/06,1.98
5/11/06,2.01
5/12/06,2.05
5/15/06,1.98
5/16/06,1.98
5/17/06,1.95
5/18/06,1.92
5/19/06,1.85
5/22/06,1.85
5/23/06,1.75
5/24/06,1.82
5/25/06,1.78
5/26/06,1.82
5/29/06,1.82
5/30/06,1.78
5/31/06,1.85
6/1/06,1.88
6/2/06,1.85
6/5/06,1.85
6/6/06,1.82
6/7/06,1.82
6/8/06,1.78
6/9/06,1.78
6/13/06,1.78
6/14/06,1.75
6/15/06,1.78
6/16/06,1.82
6/19/06,1.82
6/20/06,1.78
6/21/06,1.85
6/22/06,1.98
6/23/06,1.95
6/26/06,1.88
6/27/06,1.88
6/28/06,1.85
6/29/06,1.82
6/30/06,1.88
7/3/06,1.85
7/4/06,1.85
7/5/06,1.85
7/6/06,1.85
7/7/06,1.85
7/10/06,1.82
7/11/06,1.78
7/12/06,1.78
7/13/06,1.78
7/14/06,1.78
7/17/06,1.78
7/18/06,1.78
7/19/06,1.75
7/20/06,1.75
7/21/06,1.78
7/25/06,1.78
7/26/06,1.75
7/27/06,1.75
7/28/06,1.78
7/31/06,1.78
8/1/06,1.78
8/2/06,1.75
8/3/06,1.75
8/4/06,1.75
8/7/06,1.75
8/8/06,1.75
8/9/06,1.72
8/10/06,1.72
8/11/06,1.72
8/14/06,1.72
8/15/06,1.72
8/16/06,1.72
8/17/06,1.72
8/18/06,1.72
8/22/06,1.72
8/23/06,1.72
8/24/06,1.68
8/25/06,1.65
8/28/06,1.62
8/29/06,1.55
8/30/06,1.52
8/31/06,1.4
9/1/06,1.4
9/4/06,1.35
9/5/06,1.39
9/6/06,1.37
9/7/06,1.37
9/8/06,1.35
9/11/06,1.35
9/12/06,1.34
9/13/06,1.37
9/14/06,1.39
9/15/06,1.4
9/18/06,1.39
9/19/06,1.37
9/20/06,1.35
9/21/06,1.34
9/22/06,1.32
9/25/06,1.24
9/26/06,1.26
9/27/06,1.35
10/2/06,1.32
10/3/06,1.27
10/4/06,1.24
10/5/06,1.26
10/6/06,1.27
10/9/06,1.27
10/10/06,1.24
10/11/06,1.24
10/12/06,1.22
10/13/06,1.26
10/16/06,1.26
10/17/06,1.26
10/18/06,1.24
10/19/06,1.24
10/20/06,1.24
10/23/06,1.24
10/25/06,1.26
10/26/06,1.26
10/27/06,1.27
10/30/06,1.27
10/31/06,1.27
11/2/06,1.27
11/3/06,1.27
11/6/06,1.32
11/7/06,1.3
11/8/06,1.3
11/9/06,1.3
11/10/06,1.3
11/13/06,1.32
11/14/06,1.3
11/15/06,1.34
11/16/06,1.37
11/17/06,1.4
11/20/06,1.42
11/21/06,1.39
11/22/06,1.37
11/23/06,1.37
11/24/06,1.35
11/27/06,1.39
11/28/06,1.37
11/29/06,1.35
11/30/06,1.39
12/4/06,1.37
12/5/06,1.35
12/6/06,1.34
12/7/06,1.32
12/8/06,1.26
12/11/06,1.29
12/12/06,1.26
12/13/06,1.26
12/14/06,1.24
12/15/06,1.26
12/18/06,1.26
12/19/06,1.24
12/20/06,1.26
12/21/06,1.24
12/22/06,1.24
12/27/06,1.22
12/28/06,1.22
12/29/06,1.21
1/2/07,1.22
1/3/07,1.22
1/4/07,1.21
1/5/07,1.19
1/8/07,1.17
1/9/07,1.12
1/10/07,1.11
1/11/07,1.07
1/12/07,1.06
1/15/07,1.09
1/16/07,1.09
1/17/07,1.04
1/18/07,1.04
1/19/07,1.02
1/22/07,0.99
1/23/07,0.97
1/24/07,0.99
1/25/07,0.99
1/26/07,1.02
1/29/07,1.14
1/30/07,1.27
1/31/07,1.19
2/1/07,1.22
2/2/07,1.22
2/5/07,1.24
2/6/07,1.22
2/7/07,1.19
2/8/07,1.17
2/9/07,1.17
2/12/07,1.16
2/13/07,1.14
2/14/07,1.24
2/15/07,1.24
2/16/07,1.19
2/19/07,1.21
2/20/07,1.22
2/21/07,1.24
2/22/07,1.24
2/23/07,1.24
2/26/07,1.26
2/27/07,1.22
2/28/07,1.17
3/1/07,1.17
3/2/07,1.16
3/5/07,1.12
3/6/07,1.11
3/7/07,1.14
3/8/07,1.14
3/9/07,1.24
3/12/07,1.26
3/13/07,1.29
3/14/07,1.29
3/15/07,1.29
3/16/07,1.32
3/19/07,1.37
3/20/07,1.39
3/21/07,1.4
3/22/07,1.44
3/23/07,1.42
3/26/07,1.45
3/27/07,1.52
3/28/07,1.6
3/29/07,1.6
3/30/07,1.82
4/2/07,1.78
4/3/07,1.75
4/4/07,1.75
4/10/07,1.75
4/11/07,1.75
4/12/07,1.72
4/13/07,1.68
4/16/07,1.65
4/17/07,1.78
4/18/07,1.78
4/19/07,1.72
4/20/07,1.72
4/23/07,1.75
4/24/07,1.78
4/25/07,1.75
4/26/07,1.75
4/27/07,1.72
4/30/07,1.72
5/2/07,1.75
5/3/07,1.75
5/4/07,1.75
5/7/07,1.78
5/8/07,1.85
5/9/07,1.85
5/10/07,1.85
5/11/07,1.88
5/15/07,1.82
5/16/07,1.85
5/17/07,1.78
5/18/07,1.78
5/21/07,1.75
5/22/07,1.75
5/23/07,1.82
5/24/07,1.78
5/25/07,1.78
5/28/07,1.78
5/29/07,1.75
5/30/07,1.75
5/31/07,1.72
6/1/07,1.78
6/4/07,1.82
6/5/07,1.78
6/6/07,1.78
6/7/07,1.78
6/8/07,1.78
6/12/07,1.78
6/13/07,1.75
6/14/07,1.75
6/15/07,1.75
6/18/07,1.82
6/19/07,1.78
6/20/07,1.85
6/21/07,1.92
6/22/07,1.92
6/25/07,1.88
6/26/07,1.88
6/27/07,1.85
6/28/07,1.85
6/29/07,1.92
7/2/07,2.01
7/3/07,1.98
7/4/07,1.98
7/5/07,2.08
7/6/07,2.28
7/9/07,2.71
7/10/07,2.74
7/11/07,2.64
7/12/07,2.64
7/13/07,2.64
7/16/07,2.61
7/17/07,2.58
7/18/07,2.48
7/19/07,2.44
7/20/07,2.41
7/23/07,2.44
7/24/07,2.41
7/25/07,2.38
7/26/07,2.38
7/27/07,2.31
7/30/07,2.28
7/31/07,2.31
8/1/07,2.25
8/2/07,2.21
8/3/07,2.08
8/6/07,1.95
8/7/07,2.05
8/8/07,2.11
8/9/07,2.11
8/10/07,2.01
8/13/07,2.01
8/14/07,2.01
8/15/07,1.88
8/16/07,1.75
8/17/07,1.72
8/21/07,1.78
8/22/07,1.78
8/23/07,1.85
8/24/07,1.78
8/28/07,1.92
8/29/07,1.92
8/30/07,2.01
8/31/07,2.01
9/3/07,1.98
9/4/07,1.98
9/5/07,2.05
9/6/07,2.05
9/7/07,2.11
9/10/07,1.98
9/11/07,1.98
9/12/07,1.98
9/13/07,1.98
9/14/07,2.11
9/17/07,2.05
9/18/07,2.01
9/19/07,2.05
9/20/07,2.11
9/21/07,2.08
9/24/07,2.21
9/25/07,2.31
9/26/07,2.25
9/27/07,2.31
9/28/07,2.28
10/1/07,2.31
10/2/07,2.31
10/3/07,2.38
10/4/07,2.38
10/5/07,2.38
10/8/07,2.48
10/9/07,2.44
10/10/07,2.51
10/11/07,2.54
10/15/07,2.68
10/16/07,2.58
10/17/07,2.74
10/18/07,2.81
10/19/07,2.77
10/22/07,2.58
10/23/07,2.58
10/24/07,2.68
10/25/07,2.64
10/26/07,2.68
10/30/07,2.84
10/31/07,2.97
11/5/07,2.91
11/6/07,2.94
11/7/07,3.07
11/8/07,3.1
11/9/07,3.17
11/12/07,2.97
11/13/07,2.77
11/14/07,2.77
11/15/07,2.74
11/16/07,2.74
11/19/07,2.64
11/20/07,2.68
11/21/07,2.77
11/22/07,2.68
11/23/07,2.71
11/26/07,2.81
11/27/07,2.87
11/28/07,3.01
11/29/07,3.04
12/3/07,3.04
12/4/07,2.91
12/5/07,2.87
12/6/07,2.87
12/7/07,2.87
12/10/07,2.87
12/11/07,2.84
12/12/07,2.64
12/13/07,2.84
12/14/07,2.87
12/17/07,2.84
12/18/07,2.84
12/19/07,2.84
12/20/07,2.84
12/21/07,2.84
12/26/07,2.84
12/27/07,3.04
12/28/07,2.91
1/2/08,3.01
1/3/08,3.07
1/4/08,3.07
1/7/08,3.07
1/8/08,3.14
1/9/08,3.14
1/10/08,3.17
1/11/08,3.17
1/14/08,3.17
1/15/08,3.2
1/16/08,3.04
1/17/08,3.04
1/18/08,2.91
1/21/08,2.91
1/22/08,2.71
1/23/08,2.91
1/24/08,2.94
1/25/08,2.94
1/28/08,2.91
1/29/08,3.04
1/30/08,3.14
1/31/08,3.04
2/1/08,3.07
2/4/08,3.37
2/5/08,3.63
2/6/08,3.63
2/7/08,3.6
2/8/08,3.6
2/11/08,3.7
2/12/08,3.83
2/13/08,3.9
2/14/08,3.83
2/15/08,3.86
2/18/08,3.83
2/19/08,3.86
2/20/08,3.83
2/21/08,3.8
2/22/08,3.7
2/26/08,3.83
2/27/08,3.7
2/28/08,3.77
2/29/08,3.8
3/3/08,3.8
3/4/08,3.77
3/5/08,3.77
3/6/08,3.77
3/7/08,3.77
3/10/08,3.77
3/11/08,3.77
3/12/08,3.73
3/13/08,3.73
3/14/08,3.73
3/17/08,3.73
3/18/08,3.73
3/19/08,3.63
3/24/08,3.63
3/25/08,3.63
3/26/08,3.6
3/27/08,3.6
3/28/08,3.43
3/31/08,3.43
4/1/08,3.43
4/2/08,3.43
4/3/08,3.43
4/4/08,3.4
4/8/08,3.4
4/9/08,3.4
4/10/08,3.4
4/11/08,3.4
4/14/08,3.4
4/15/08,3.4
4/16/08,3.4
4/17/08,3.3
4/18/08,3.27
4/21/08,3.27
4/22/08,3.27
4/23/08,3.27
4/24/08,3.27
4/25/08,3.27
4/28/08,3.27
4/29/08,3.24
4/30/08,3.24
5/2/08,3.17
5/5/08,3.17
5/6/08,3.17
5/7/08,3.14
5/8/08,3.14
5/9/08,3.17
5/12/08,3.17
5/13/08,3.17
5/14/08,3.1
5/15/08,3.1
5/16/08,3.1
5/19/08,3.1
5/20/08,3.1
5/21/08,3.1
5/22/08,3.17
5/23/08,3.14
5/26/08,3.14
5/27/08,3.17
5/28/08,3.17
5/29/08,3.17
5/30/08,3.3
6/2/08,3.3
6/3/08,3.3
6/4/08,3.3
6/5/08,3.27
6/6/08,3.24
6/10/08,3.24
6/11/08,3.27
6/12/08,3.27
6/13/08,3.34
6/16/08,3.37
6/17/08,3.43
6/18/08,3.63
6/19/08,3.6
6/20/08,3.63
6/23/08,3.57
6/24/08,3.6
6/25/08,3.67
6/26/08,3.8
6/27/08,3.96
6/30/08,4.1
7/1/08,4.23
7/2/08,4.16
7/3/08,3.96
7/4/08,3.9
7/7/08,4.06
7/8/08,4.13
7/9/08,4.03
7/10/08,3.96
7/11/08,3.96
7/14/08,3.96
7/15/08,3.86
7/16/08,3.83
7/17/08,3.83
7/18/08,3.57
7/21/08,3.63
7/22/08,3.43
7/23/08,3.63
7/24/08,3.57
7/25/08,3.63
7/28/08,3.63
7/29/08,3.7
7/30/08,3.63
7/31/08,3.73
8/1/08,3.7
8/4/08,3.7
8/5/08,3.7
8/6/08,3.63
8/7/08,3.63
8/8/08,3.67
8/11/08,3.67
8/12/08,3.63
8/13/08,3.63
8/14/08,3.5
8/15/08,3.5
8/19/08,3.63
8/20/08,3.63
8/21/08,3.63
8/22/08,3.63
8/26/08,3.63
8/27/08,3.63
8/28/08,3.63
8/29/08,3.63
9/1/08,3.6
9/2/08,3.6
9/3/08,3.6
9/4/08,3.57
9/5/08,3.43
9/8/08,3.43
9/9/08,3.5
9/10/08,3.5
9/11/08,3.5
9/12/08,3.5
9/15/08,3.5
9/16/08,3.5
9/17/08,3.1
9/18/08,3.04
9/19/08,3.04
9/22/08,3.01
9/23/08,3.01
9/24/08,3.01
9/25/08,3.01
9/26/08,2.84
9/29/08,2.97
9/30/08,2.97
10/2/08,2.97
10/3/08,2.81
10/6/08,2.81
10/7/08,2.81
10/8/08,2.81
10/9/08,2.81
10/10/08,2.81
10/13/08,2.84
10/14/08,2.77
10/15/08,2.77
10/16/08,2.61
10/17/08,2.58
10/20/08,2.51
10/21/08,2.51
10/22/08,2.38
10/23/08,2.38
10/24/08,2.34
10/27/08,2.34
10/28/08,2.34
10/29/08,2.31
10/30/08,2.31
10/31/08,2.28
11/3/08,2.28
11/4/08,2.28
11/5/08,2.28
11/6/08,2.28
11/7/08,2.28
11/10/08,2.28
11/11/08,2.28
11/12/08,2.28
11/13/08,2.28
11/14/08,2.25
11/17/08,2.21
11/18/08,2.21
11/19/08,2.21
11/20/08,2.18
11/21/08,2.18
11/24/08,2.18
11/25/08,2.18
11/26/08,2.25
11/27/08,2.25
11/28/08,2.25
12/2/08,2.18
12/3/08,2.25
12/4/08,2.25
12/5/08,2.25
12/8/08,2.25
12/9/08,2.25
12/10/08,2.25
12/11/08,2.25
12/12/08,2.25
12/15/08,2.25
12/16/08,2.25
12/17/08,2.31
12/18/08,2.21
12/19/08,2.15
12/22/08,2.01
12/23/08,1.98
12/24/08,1.95
1/5/09,2.34
1/6/09,2.34
1/7/09,2.34
1/8/09,2.34
1/9/09,2.34
1/12/09,2.34
1/13/09,2.34
1/14/09,2.21
1/15/09,2.28
1/16/09,2.25
1/19/09,2.28
1/20/09,2.28
1/21/09,2.28
1/22/09,2.28
1/23/09,2.28
1/26/09,2.28
1/27/09,2.28
1/28/09,2.28
1/29/09,2.28
1/30/09,2.28
2/2/09,2.28
2/3/09,2.28
2/4/09,2.28
2/5/09,2.28
2/6/09,2.28
2/9/09,2.28
2/10/09,2.28
2/11/09,2.28
2/12/09,2.28
2/13/09,2.28
2/16/09,2.28
2/17/09,2.21
2/18/09,2.18
2/19/09,2.18
2/20/09,2.18
2/23/09,2.18
2/24/09,2.18
2/25/09,1.85
2/26/09,1.98
2/27/09,1.88
3/2/09,1.88
3/3/09,1.72
3/4/09,1.65
3/5/09,1.65
3/6/09,1.59
3/9/09,1.55
3/10/09,1.47
3/11/09,1.63
3/12/09,1.63
3/13/09,1.62
3/16/09,1.62
3/17/09,1.55
3/18/09,1.52
3/19/09,1.52
3/20/09,1.52
3/23/09,1.54
3/24/09,1.54
3/25/09,1.72
3/26/09,1.72
3/27/09,1.75
3/30/09,1.98
3/31/09,2.21
4/1/09,2.01
4/2/09,2.01
4/3/09,1.85
4/7/09,1.95
4/8/09,1.95
4/13/09,1.95
4/14/09,1.95
4/15/09,1.59
4/16/09,1.55
4/17/09,1.6
4/20/09,1.6
4/21/09,1.59
4/22/09,1.59
4/23/09,1.59
4/24/09,1.59
4/27/09,1.6
4/28/09,1.65
4/29/09,1.75
4/30/09,1.82
5/4/09,1.82
5/5/09,1.92
5/6/09,2.05
5/7/09,2.25
5/8/09,2.15
5/11/09,2.25
5/12/09,2.31
5/13/09,2.64
5/14/09,2.61
5/15/09,2.64
5/18/09,2.44
5/19/09,2.61
5/20/09,2.64
5/21/09,2.64
5/22/09,2.61
5/25/09,2.61
5/26/09,2.61
5/27/09,2.64
5/28/09,2.64
5/29/09,2.68
6/1/09,2.77
6/2/09,2.81
6/3/09,2.74
6/4/09,2.71
6/5/09,2.71
6/8/09,2.68
6/9/09,2.68
6/10/09,2.68
6/11/09,2.71
6/15/09,2.71
6/16/09,2.61
6/17/09,2.58
6/18/09,2.61
6/19/09,2.61
6/22/09,2.61
6/23/09,2.41
6/24/09,2.41
6/25/09,2.41
6/26/09,2.34
6/29/09,2.38
6/30/09,2.34
7/1/09,2.28
7/2/09,2.21
7/3/09,2.18
7/6/09,2.25
7/7/09,2.31
7/8/09,2.31
7/9/09,2.54
7/10/09,2.64
7/13/09,2.68
7/14/09,2.64
7/15/09,2.61
7/16/09,2.64
7/20/09,2.61
7/21/09,2.64
7/22/09,2.64
7/23/09,2.64
7/24/09,2.64
7/27/09,2.71
7/28/09,2.74
7/29/09,2.71
7/30/09,2.71
7/31/09,2.61
8/3/09,2.64
8/4/09,2.68
8/6/09,2.71
8/7/09,2.64
8/10/09,2.64
8/11/09,2.68
8/12/09,2.64
8/13/09,2.61
8/14/09,2.58
8/17/09,2.58
8/18/09,2.58
8/19/09,2.68
8/20/09,2.68
8/24/09,2.68
8/25/09,2.68
8/26/09,2.68
8/27/09,2.68
8/28/09,2.68
9/1/09,2.64
9/2/09,2.61
9/3/09,2.58
9/4/09,2.54
9/8/09,2.54
9/9/09,2.54
9/10/09,2.54
9/11/09,2.54
9/14/09,2.51
9/15/09,2.54
9/16/09,2.54
9/17/09,2.54
9/18/09,2.58
9/22/09,2.54
9/23/09,2.54
9/24/09,2.54
9/25/09,2.54
9/28/09,2.48
9/29/09,2.54
9/30/09,2.58
10/1/09,2.54
10/2/09,2.51
10/5/09,2.51
10/6/09,2.51
10/7/09,2.51
10/8/09,2.48
10/9/09,2.51
10/12/09,2.51
10/13/09,2.54
10/14/09,2.58
10/15/09,2.61
10/16/09,2.71
10/19/09,2.71
10/20/09,2.68
10/21/09,2.64
10/22/09,2.68
10/23/09,2.71
10/26/09,2.68
10/27/09,2.64
10/28/09,2.61
10/29/09,2.61
10/30/09,2.64
11/3/09,2.58
11/4/09,2.58
11/5/09,2.54
11/6/09,2.58
11/9/09,2.58
11/10/09,2.58
11/11/09,2.58
11/12/09,2.64
11/13/09,2.64
11/16/09,2.64
11/17/09,2.77
11/18/09,2.81
11/19/09,2.87
11/20/09,3.01
11/23/09,3.07
11/24/09,3.2
11/25/09,3.24
11/26/09,3.3
11/27/09,3.3
12/1/09,3.34
12/2/09,3.37
12/3/09,3.27
12/4/09,3.27
12/7/09,3.3
12/8/09,3.24
12/9/09,3.27
12/10/09,3.3
12/11/09,3.34
12/14/09,3.34
12/15/09,3.3
12/16/09,3.3
12/17/09,3.27
12/18/09,3.3
12/21/09,3.27
12/22/09,3.3
12/23/09,3.37
12/28/09,3.43
12/29/09,3.63
1/4/10,3.63
1/5/10,3.57
1/6/10,3.5
1/7/10,3.47
1/8/10,3.5
1/11/10,3.43
1/12/10,3.47
1/13/10,3.47
1/14/10,3.43
1/15/10,3.43
1/18/10,3.43
1/19/10,3.43
1/20/10,3.43
1/21/10,3.43
1/22/10,3.43
1/25/10,3.3
1/26/10,3.3
1/27/10,3.3
1/28/10,3.3
1/29/10,3.24
2/1/10,3.14
2/2/10,3.14
2/3/10,3.1
2/4/10,3.1
2/5/10,3.17
2/8/10,3.17
2/9/10,3.14
2/10/10,3.14
2/11/10,3.14
2/12/10,3.17
2/15/10,3.17
2/16/10,3.17
2/17/10,3.17
2/18/10,3.17
2/19/10,3.17
2/22/10,3.17
2/23/10,3.34
2/24/10,3.43
2/25/10,3.5
2/26/10,3.53
3/1/10,3.6
3/2/10,3.7
3/3/10,3.73
3/4/10,3.77
3/5/10,3.9
3/8/10,3.9
3/9/10,3.93
3/10/10,3.96
3/11/10,3.93
3/12/10,3.93
3/15/10,3.96
3/16/10,3.93
3/17/10,3.86
3/18/10,3.77
3/19/10,3.83
3/22/10,3.83
3/23/10,3.83
3/24/10,3.93
3/25/10,3.9
3/26/10,3.93
3/29/10,3.93
3/30/10,3.9
3/31/10,3.96
4/5/10,4.29
4/6/10,4.43
4/7/10,4.49
4/8/10,4.43
4/12/10,4.43
4/13/10,4.43
4/14/10,4.69
4/15/10,4.72
4/16/10,4.79
4/19/10,4.66
4/20/10,4.62
4/21/10,4.79
4/22/10,4.82
4/23/10,4.79
4/26/10,4.85
4/27/10,4.82
4/28/10,4.79
4/29/10,5.15
4/30/10,5.12
5/4/10,5.15
5/5/10,4.99
5/6/10,5.12
5/7/10,5.09
5/11/10,5.35
5/12/10,5.28
5/13/10,5.28
5/14/10,5.25
5/17/10,5.25
5/18/10,5.22
5/19/10,5.22
5/20/10,5.19
5/21/10,5.12
5/24/10,4.76
5/25/10,4.69
5/26/10,4.56
5/27/10,4.59
5/28/10,4.72
5/31/10,4.82
6/1/10,4.82
6/2/10,4.92
6/3/10,4.99
6/4/10,5.02
6/7/10,4.92
6/8/10,5.12
6/9/10,5.19
6/10/10,5.09
6/11/10,5.15
6/15/10,5.12
6/16/10,5.09
6/17/10,5.09
6/18/10,5.12
6/21/10,5.12
6/22/10,5.28
6/23/10,5.94
6/24/10,5.88
6/25/10,5.81
6/28/10,5.78
6/29/10,5.78
7/1/10,5.71
7/2/10,5.71
7/5/10,5.71
7/6/10,6.05
7/7/10,6.46
7/8/10,6.66
7/9/10,6.66
7/12/10,6.63
7/13/10,6.59
7/14/10,6.59
7/15/10,6.39
7/16/10,6.32
7/19/10,6.52
7/20/10,6.52
7/21/10,6.69
7/22/10,7.2
7/23/10,7.61
7/26/10,7.5
7/27/10,7.49
7/28/10,7.39
7/29/10,7.15
7/30/10,7.12
8/2/10,7.41
8/3/10,7.41
8/4/10,7.34
8/5/10,7.34
8/6/10,7.47
8/9/10,7.47
8/10/10,8.09
8/11/10,7.93
8/12/10,7.97
8/13/10,7.97
8/16/10,8.27
8/17/10,8.41
8/18/10,8.7
8/19/10,8.64
8/20/10,9.04
8/23/10,8.97
8/24/10,8.7
8/25/10,8.16
8/26/10,8.51
8/27/10,8.36
8/31/10,8.56
9/1/10,8.63
9/2/10,8.64
9/3/10,8.7
9/6/10,8.57
9/7/10,8.53
9/8/10,8.84
9/9/10,9.45
9/13/10,9.64
9/14/10,9.45
9/15/10,9.31
9/16/10,9.51
9/17/10,9.45
9/20/10,9.72
9/21/10,9.58
9/22/10,9.55
9/23/10,9.72
9/24/10,9.38
9/27/10,9.38
9/28/10,9.31
9/29/10,9.18
9/30/10,8.85
10/1/10,9.38
10/4/10,9.68
10/5/10,10.3
10/6/10,10.63
10/7/10,10.55
10/8/10,10.74
10/11/10,10.74
10/12/10,10.73
10/13/10,10.73
10/14/10,10.73
10/15/10,10.68
10/18/10,10.6
10/19/10,10.33
10/20/10,10.33
10/21/10,10.4
10/22/10,11.55
10/26/10,11.62
10/27/10,11.54
10/28/10,11.55
10/29/10,11.68
11/2/10,12.22
11/3/10,12.98
11/4/10,12.78
11/5/10,12.64
11/8/10,12.25
11/9/10,11.95
11/10/10,11.89
11/11/10,11.89
11/12/10,11.52
11/15/10,11.55
11/17/10,11.45
11/18/10,11.32
11/19/10,11.55
11/22/10,11.55
11/23/10,11.45
11/24/10,11.19
11/25/10,11.25
11/26/10,11.21
11/30/10,11.15
12/1/10,11.01
12/2/10,11.55
12/3/10,11.49
12/6/10,11.55
12/7/10,12.15
12/8/10,12.44
12/9/10,12.3
12/10/10,12.2
12/13/10,11.9
12/14/10,11.96
12/15/10,12.57
12/16/10,12.23
12/17/10,12.17
12/20/10,12.2
12/21/10,12.34
12/22/10,12.37
12/23/10,12.57
12/28/10,12.63
12/29/10,12.74
12/30/10,12.57
1/3/11,12.49
1/4/11,12.88
1/5/11,13.09
1/6/11,13.16
1/7/11,12.89
1/10/11,12.64
1/11/11,12.47
1/12/11,13.12
1/13/11,14
1/14/11,14.54
1/17/11,14.39
1/18/11,14.39
1/19/11,14.1
1/20/11,14.1
1/21/11,13.81
1/24/11,13.34
1/25/11,13.42
1/26/11,13.24
1/27/11,13.52
1/28/11,13.5
1/31/11,13.52
2/1/11,13.38
2/2/11,13.46
2/3/11,13.95
2/4/11,14.34
2/7/11,14.38
2/8/11,14.53
2/9/11,14.54
2/10/11,13.97
2/11/11,13.84
2/14/11,14.01
2/15/11,14
2/16/11,14.01
2/17/11,14.19
2/18/11,14.12
2/21/11,13.93
2/22/11,13.52
2/23/11,13.59
2/24/11,13.57
2/25/11,13.57
2/28/11,13.91
3/1/11,13.85
3/2/11,13.59
3/3/11,13.66
3/4/11,13.99
3/7/11,13.85
3/8/11,14.56
3/9/11,15.09
3/10/11,15.09
3/11/11,15.02
3/14/11,15.25
3/15/11,15.5
3/16/11,15.7
3/17/11,15.56
3/18/11,16.27
3/21/11,16.18
3/22/11,15.9
3/23/11,15.43
3/24/11,14.69
3/25/11,15.09
3/28/11,15.43
3/29/11,15.51
3/30/11,15.11
3/31/11,15.41
4/1/11,15.36
4/4/11,15.56
4/5/11,15.5
4/6/11,15.73
4/7/11,15.77
4/8/11,15.58
4/11/11,15.84
4/12/11,15.77
4/13/11,14.82
4/14/11,14.63
4/15/11,14.41
4/18/11,14.14
4/19/11,14.53
4/20/11,14.61
4/25/11,14.52
4/26/11,14.41
4/27/11,14.76
4/28/11,15.01
4/29/11,14.82
5/2/11,15.02
5/3/11,15.02
5/4/11,14.61
5/5/11,14.75
5/6/11,14.64
5/9/11,14.54
5/10/11,14.54
5/11/11,14.54
5/12/11,14.52
5/13/11,14.46
5/16/11,14.45
5/17/11,14.68
5/18/11,15.06
5/19/11,15.22
5/20/11,15.14
5/23/11,15.07
5/24/11,14.34
5/25/11,14.34
5/26/11,14.2
5/27/11,14.41
5/30/11,14.27
5/31/11,14.48
6/1/11,14.45
6/2/11,14.41
6/3/11,14.31
6/6/11,14.34
6/7/11,14.2
6/8/11,14.14
6/9/11,14
6/10/11,13.86
6/13/11,13.46
6/14/11,13.09
6/15/11,13.58
6/16/11,13.66
6/17/11,14.72
6/21/11,14.15
6/22/11,14.27
6/23/11,14.54
6/24/11,14.54
6/27/11,14.27
6/28/11,14.27
6/29/11,14.27
6/30/11,14.5
7/1/11,14.48
7/4/11,14.48
7/5/11,14.78
7/6/11,14.69
7/7/11,14.53
7/8/11,14.6
7/11/11,14.57
7/12/11,14.48
7/13/11,14.61
7/14/11,14.61
7/15/11,14.73
7/18/11,15.03
7/19/11,15.56
7/20/11,15.84
7/21/11,16.24
7/22/11,16.31
7/25/11,16.34
7/26/11,16.31
7/27/11,15.86
7/28/11,15.63
7/29/11,15.36
8/1/11,15.35
8/2/11,15.43
8/3/11,15.22
8/4/11,15.18
8/5/11,14.76
8/8/11,14.33
8/9/11,13.73
8/10/11,14.07
8/11/11,14.61
8/12/11,14.61
8/15/11,14.61
8/16/11,14.61
8/17/11,14.27
8/18/11,14.5
8/19/11,14.3
8/22/11,14.18
8/23/11,14.34
8/24/11,14.34
8/25/11,14.88
8/26/11,14.69
8/31/11,15.2
9/1/11,15.28
9/2/11,15.28
9/5/11,15.16
9/6/11,14.82
9/7/11,14.83
9/8/11,14.86
9/9/11,14.92
9/12/11,14.84
9/13/11,14.82
9/14/11,14.61
9/15/11,14.44
9/16/11,14.27
9/19/11,14.34
9/20/11,14.1
9/21/11,14.08
9/22/11,13.57
9/23/11,11.89
9/26/11,11.15
9/28/11,11.83
9/29/11,12.17
9/30/11,12.68
10/3/11,12.14
10/4/11,12.02
10/5/11,11.76
10/6/11,12.06
10/7/11,12.57
10/10/11,12.57
10/11/11,13.18
10/12/11,13.25
10/13/11,13.73
10/14/11,14.27
10/17/11,14.65
10/18/11,14.14
10/19/11,14.2
10/20/11,14.2
10/21/11,14
10/24/11,14.31
10/25/11,14.48
10/26/11,14.07
10/27/11,14.29
10/28/11,14.6
11/2/11,14.34
11/3/11,14.07
11/4/11,14.54
11/8/11,14.75
11/9/11,14.75
11/10/11,14.61
11/11/11,14.88
11/14/11,14.88
11/15/11,14.61
11/16/11,14.39
11/17/11,14.41
11/18/11,14.16
11/21/11,14.41
11/22/11,14.31
11/23/11,14.61
11/24/11,14.35
11/25/11,14.61
11/28/11,14.19
11/29/11,14.07
12/1/11,14.2
12/2/11,14.27
12/5/11,14.26
12/6/11,14.18
12/7/11,14.14
12/8/11,14.12
12/9/11,14.48
12/12/11,14.6
12/13/11,14.67
12/14/11,14.8
12/15/11,14.61
12/16/11,14.61
12/19/11,14.54
12/20/11,14.8
12/21/11,14.8
12/22/11,14.88
12/23/11,14.97
12/26/11,15.22
12/27/11,15.18
12/28/11,15.09
12/29/11,15.05
1/2/12,15.09
1/3/12,14.98
1/4/12,15.29
1/5/12,15.5
1/6/12,15.35
1/9/12,15.62
1/10/12,15.59
1/11/12,15.36
1/12/12,15.36
1/13/12,15.22
1/16/12,15.28
1/17/12,15.36
1/18/12,15.36
1/19/12,15.29
1/20/12,15.56
1/24/12,15.5
1/25/12,15.47
1/26/12,15.4
1/27/12,15.36
1/30/12,15.29
1/31/12,15.32
2/1/12,15.21
2/2/12,15.52
2/3/12,15.33
2/6/12,15.37
2/7/12,15.25
2/8/12,15.35
2/9/12,15.22
2/10/12,15.24
2/13/12,15.25
2/14/12,15.02
2/15/12,14.98
2/16/12,14.34
2/17/12,14.71
2/20/12,14.69
2/21/12,14.78
2/22/12,15.02
2/23/12,15.03
2/24/12,14.95
2/27/12,14.82
2/28/12,14.95
2/29/12,15.02
3/1/12,14.82
3/2/12,15.01
3/5/12,15.02
3/6/12,14.95
3/7/12,15.22
3/8/12,15.56
3/9/12,15.9
3/12/12,16.34
3/13/12,16.27
3/14/12,16.51
3/15/12,16.56
3/16/12,16.66
3/19/12,16.85
3/20/12,16.68
3/21/12,16.79
3/22/12,16.54
3/23/12,16.58
3/26/12,16.51
3/27/12,16.85
3/28/12,16.91
3/29/12,16.69
3/30/12,16.64
4/2/12,16.85
4/3/12,16.84
4/4/12,16.85
4/10/12,16.76
4/11/12,16.85
4/12/12,16.81
4/13/12,16.68
4/16/12,16.64
4/17/12,16.65
4/18/12,16.75
4/19/12,16.24
4/20/12,16.61
4/23/12,16.62
4/24/12,16.66
4/25/12,16.65
4/26/12,16.64
4/27/12,16.77
4/30/12,17.13
5/2/12,17.32
5/3/12,17.33
5/4/12,17.19
5/7/12,17.11
5/8/12,17.4
5/9/12,17.3
5/10/12,17.19
5/11/12,16.92
5/14/12,16.99
5/15/12,16.85
5/16/12,16.65
5/17/12,16.98
5/18/12,16.99
5/21/12,16.72
5/22/12,16.38
5/23/12,16.24
5/24/12,15.02
5/25/12,15.05
5/28/12,15.09
5/29/12,15.77
5/30/12,15.16
5/31/12,15.63
6/1/12,15.36
6/4/12,15.09
6/5/12,15.17
6/6/12,14.95
6/7/12,14.95
6/8/12,14.92
6/11/12,14.82
6/13/12,15.11
6/14/12,14.68
6/15/12,13.59
6/18/12,14.68
6/19/12,14.71
6/20/12,14.75
6/21/12,14.69
6/22/12,14.34
6/25/12,14.61
6/26/12,14.95
6/27/12,14.88
6/28/12,14.68
6/29/12,14.83
7/2/12,14.8
7/3/12,14.88
7/4/12,14.94
7/5/12,14.99
7/6/12,14.82
7/9/12,14.97
7/10/12,14.88
7/11/12,14.83
7/12/12,14.82
7/13/12,15.03
7/16/12,15.56
7/17/12,15.7
7/18/12,15.43
7/19/12,15.36
7/20/12,14.95
7/23/12,15.02
7/24/12,15.36
7/25/12,15.41
7/26/12,15.48
7/27/12,15.43
7/30/12,15.36
7/31/12,15.28
8/1/12,15.14
8/2/12,15.43
8/3/12,15.43
8/6/12,15.36
8/8/12,15.56
8/9/12,15.5
8/10/12,15.5
8/13/12,15.16
8/14/12,15.17
8/15/12,15.16
8/16/12,15.16
8/17/12,15.29
8/22/12,15.16
8/23/12,15.28
8/24/12,15.29
8/28/12,15.29
8/29/12,15.09
8/30/12,14.88
8/31/12,15.22
9/3/12,14.9
9/4/12,14.9
9/5/12,14.9
9/6/12,14.95
9/7/12,14.88
9/10/12,14.61
9/11/12,14.61
9/12/12,14.75
9/13/12,15.01
9/14/12,15.24
9/17/12,15.28
9/18/12,15.16
9/19/12,15.21
9/20/12,15.1
9/21/12,14.95
9/24/12,15.02
9/25/12,14.95
9/26/12,14.95
9/27/12,15.16
9/28/12,15.09
10/1/12,15.11
10/2/12,15.13
10/3/12,15.13
10/4/12,15.28
10/5/12,15.28
10/8/12,15.28
10/9/12,15.22
10/10/12,15.22
10/11/12,15.35
10/12/12,15.22
10/15/12,15.22
10/16/12,15.29
10/17/12,15.2
10/18/12,15.18
10/19/12,15.09
10/22/12,15.1
10/23/12,15.09
10/24/12,14.95
10/25/12,14.95
10/29/12,14.95
10/30/12,14.95
10/31/12,14.88
11/5/12,14.95
11/6/12,14.95
11/7/12,14.95
11/8/12,14.95
11/9/12,14.95
11/12/12,14.95
11/13/12,14.95
11/14/12,14.95
11/15/12,14.95
11/16/12,14.94
11/19/12,14.83
11/20/12,15.09
11/21/12,15.05
11/22/12,14.88
11/23/12,14.95
11/26/12,14.95
11/27/12,14.94
11/28/12,14.95
11/29/12,14.95
12/3/12,15.09
12/4/12,14.95
12/5/12,14.94
12/6/12,15.09
12/7/12,14.97
12/10/12,14.97
12/11/12,14.95
12/12/12,14.94
12/13/12,14.95
12/14/12,15.09
12/17/12,15.16
12/18/12,15.17
12/19/12,15.28
12/20/12,15.63
12/21/12,15.63
12/26/12,15.75
12/27/12,15.5
12/28/12,15.86
1/2/13,15.96
1/3/13,16.18
1/4/13,16.18
1/7/13,16.34
1/8/13,16.34
1/9/13,16.58
1/10/13,16.45
1/11/13,16.47
1/14/13,16.58
1/15/13,16.5
1/16/13,16.49
1/17/13,16.53
1/18/13,16.49
1/21/13,16.45
1/22/13,16.43
1/23/13,16.34
1/24/13,16.35
1/25/13,16.92
1/28/13,17.03
1/29/13,16.99
1/30/13,16.99
1/31/13,16.72
2/1/13,16.98
2/4/13,16.99
2/5/13,16.99
2/6/13,16.99
2/7/13,17.07
2/8/13,17.14
2/11/13,17.33
2/12/13,17.33
2/13/13,17.52
2/14/13,16.12
2/15/13,15.73
2/18/13,16.22
2/19/13,15.94
2/20/13,15.84
2/21/13,15.7
2/22/13,15.69
2/25/13,15.63
2/26/13,15.55
2/27/13,15.89
2/28/13,16.19
3/1/13,16.38
3/4/13,16.43
3/5/13,16.31
3/6/13,16.79
3/7/13,16.65
3/8/13,16.66
3/11/13,16.66
3/12/13,16.58
3/13/13,16.31
3/14/13,16.38
3/15/13,15.7
3/18/13,15.84
3/19/13,16.09
3/20/13,16.11
3/21/13,17.25
3/22/13,17.74
3/25/13,17.53
3/26/13,17.66
3/27/13,18.17
4/1/13,18.65
4/2/13,18.55
4/3/13,18.55
4/4/13,18.49
4/5/13,18.54
4/8/13,18.55
4/10/13,19.3
4/11/13,19.64
4/12/13,19.98
4/15/13,19.65
4/16/13,19.29
4/17/13,19.37
4/18/13,19.64
4/19/13,19.71
4/22/13,19.71
4/23/13,19.3
4/24/13,19.55
4/25/13,19.71
4/26/13,20.35
4/29/13,20.39
4/30/13,20.39
5/2/13,20.59
5/3/13,20.52
5/6/13,20.39
5/7/13,20.32
5/8/13,20.32
5/9/13,20.32
5/10/13,20.39
5/14/13,19.91
5/15/13,19.17
5/16/13,19.17
5/17/13,19.03
5/20/13,18.96
5/21/13,19.17
5/22/13,19.03
5/23/13,19.03
5/24/13,19.23
5/27/13,19.03
5/28/13,19.02
5/29/13,19.02
5/30/13,18.96
5/31/13,18.89
6/3/13,18.74
6/4/13,18.88
6/5/13,18.35
6/6/13,18.35
6/7/13,18.35
6/10/13,18.35
6/11/13,17.7
6/13/13,17.53
6/14/13,17.75
6/17/13,17.79
6/18/13,17.81
6/19/13,17.79
6/20/13,17.67
6/21/13,15.63
6/24/13,15.56
6/25/13,15.7
6/26/13,16.04
6/27/13,16.53
6/28/13,18.81
7/1/13,17.67
7/2/13,16.99
7/3/13,16.65
7/4/13,16.65
7/5/13,16.65
7/8/13,16.85
7/9/13,16.85
7/10/13,16.72
7/11/13,16.65
7/12/13,16.65
7/15/13,17.1
7/16/13,17.1
7/17/13,17.1
7/18/13,16.99
7/19/13,16.99
7/22/13,17.53
7/23/13,17.94
7/24/13,18.01
7/25/13,17.67
7/26/13,17.67
7/29/13,17.37
7/30/13,17
7/31/13,16.92
8/1/13,16.79
8/2/13,16.53
8/5/13,16.51
8/6/13,16.58
8/7/13,16.58
8/8/13,16.65
8/12/13,16.51
8/13/13,16.6
8/14/13,16.38
8/15/13,16.38
8/16/13,16.45
8/22/13,16.38
8/23/13,16.51
8/27/13,16.51
8/28/13,16.99
8/29/13,16.45
8/30/13,16.45
9/2/13,16.45
9/3/13,16.31
9/4/13,16.37
9/5/13,16.28
9/6/13,16.24
9/9/13,16.32
9/10/13,16.31
9/11/13,16.38
9/12/13,16.69
9/13/13,16.38
9/16/13,16.47
9/17/13,16.84
9/18/13,17.4
9/19/13,17.4
9/20/13,16.99
9/23/13,17.06
9/24/13,17
9/25/13,17.18
9/26/13,17.13
9/27/13,17.43
9/30/13,16.31
10/1/13,16.6
10/2/13,16.98
10/3/13,16.47
10/4/13,16.58
10/7/13,16.56
10/8/13,16.58
10/9/13,16.58
10/10/13,16.85
10/11/13,17.13
10/14/13,17.77
10/16/13,18.21
10/17/13,19.03
10/18/13,19.03
10/21/13,18.35
10/22/13,18.96
10/23/13,18.69
10/24/13,18.83
10/25/13,18.69
10/29/13,18.47
10/30/13,18.49
10/31/13,18.76
11/4/13,18.42
11/5/13,18.69
11/6/13,18.89
11/7/13,18.83
11/8/13,19.17
11/11/13,19.03
11/12/13,18.89
11/13/13,18.89
11/14/13,18.89
11/15/13,19.17
11/18/13,19.03
11/19/13,19.71
11/20/13,19.85
11/21/13,19.37
11/22/13,19.37
11/25/13,19.91
11/26/13,19.91
11/27/13,19.91
11/28/13,20.33
11/29/13,20.39
12/2/13,20.52
12/3/13,20.32
12/4/13,20.32
12/5/13,19.71
12/6/13,19.72
12/9/13,20.18
12/10/13,19.78
12/11/13,19.78
12/12/13,19.64
12/13/13,19.38
12/16/13,18.89
12/17/13,19.03
12/18/13,19.03
12/19/13,19.14
12/20/13,18.84
12/23/13,19.37
12/26/13,19.56
12/27/13,19.57
1/2/14,19.44
1/3/14,20.05
1/6/14,20.32
1/7/14,20.59
1/8/14,20.73
1/9/14,20.62
1/10/14,20.59
1/13/14,20.61
1/14/14,20.46
1/15/14,20.46
1/16/14,20.51
1/17/14,20.47
1/20/14,20.48
1/21/14,20.5
1/22/14,20.86
1/23/14,21.41
1/24/14,21.73
1/27/14,21.61
1/28/14,21.2
1/29/14,21.48
1/30/14,21.75
2/3/14,21.68
2/4/14,21.56
2/5/14,21.63
2/6/14,21.61
2/7/14,22.02
2/10/14,23.04
2/11/14,23.12
2/12/14,22.78
2/13/14,22.43
2/14/14,22.97
2/17/14,23.38
2/18/14,23.92
2/19/14,24.81
2/20/14,24.75
2/21/14,25.21
2/24/14,25.35
2/25/14,25.49
2/26/14,25.35
2/27/14,25.11
2/28/14,25.06
3/3/14,24.87
3/4/14,25.02
3/5/14,25.25
3/6/14,25.43
3/7/14,25.76
3/10/14,26.3
3/11/14,26.42
3/12/14,26.17
3/13/14,25.73
3/14/14,25.55
3/17/14,25.21
3/18/14,25.65
3/19/14,26.03
3/20/14,26.03
3/21/14,25.96
3/24/14,26.15
3/25/14,25.89
3/26/14,26.17
3/27/14,26.33
3/28/14,26.6
3/31/14,27.86
4/1/14,27.8
4/2/14,27.55
4/3/14,27.19
4/4/14,27.19
4/7/14,26.85
4/8/14,26.71
4/10/14,27.66
4/11/14,27.29
4/14/14,27.27
4/15/14,27.52
4/16/14,27.73
4/21/14,28.48
4/22/14,28.15
4/23/14,27.95
4/24/14,28.2
4/25/14,27.93
4/28/14,27.46
4/29/14,27.4
4/30/14,27.93
5/2/14,27.92
5/5/14,27.51
5/6/14,27.72
5/7/14,27.86
5/8/14,27.7
5/9/14,27.8
5/12/14,27.13
5/13/14,27.32
5/14/14,27.73
5/15/14,27.59
5/16/14,27.19
5/19/14,27.12
5/20/14,27.05
5/21/14,26.51
5/22/14,26.63
5/23/14,26.49
5/26/14,26.1
5/27/14,26.37
5/28/14,26.23
5/29/14,25.96
5/30/14,25.83
6/2/14,25.83
6/3/14,26.03
6/4/14,26.26
6/5/14,26.37
6/6/14,26.3
6/9/14,26.15
6/10/14,25.69
6/11/14,25.62
6/13/14,25.08
6/16/14,25.34
6/17/14,25.3
6/18/14,25.34
6/19/14,25.49
6/20/14,25.49
6/23/14,25.28
6/24/14,24.94
6/25/14,24.36
6/26/14,24.4
6/27/14,24.33
6/30/14,24.9
7/1/14,24.36
7/2/14,24.13
7/3/14,24.13
7/4/14,24.19
7/7/14,24.33
7/8/14,24.33
7/9/14,24.34
7/10/14,24.78
7/11/14,24.81
7/14/14,24.47
7/15/14,24.47
7/17/14,24.59
7/18/14,24.33
7/21/14,24.47
7/22/14,24.47
7/23/14,23.99
7/24/14,24.15
7/25/14,24.15
7/28/14,23.85
7/30/14,23.79
7/31/14,23.92
8/1/14,23.95
8/4/14,24.66
8/5/14,25.83
8/6/14,25.38
8/7/14,26.17
8/8/14,25.77
8/11/14,25.69
8/12/14,25.58
8/13/14,25.28
8/14/14,25.35
8/15/14,24.83
8/18/14,24.81
8/19/14,25.28
8/20/14,25.28
8/22/14,25.24
8/26/14,26.37
8/27/14,26.98
8/28/14,27.54
8/29/14,27.52
9/1/14,28.34
9/2/14,27.86
9/3/14,27.85
9/4/14,27.3
9/5/14,27.02
9/8/14,26.91
9/9/14,26.91
9/10/14,26.49
9/11/14,27.04
9/12/14,26.77
9/15/14,26.51
9/16/14,27.02
9/17/14,27.26
9/18/14,27.57
9/22/14,27.44
9/23/14,27.71
9/24/14,27.55
9/25/14,27.12
9/26/14,27.18
9/29/14,26.51
9/30/14,25.08
10/1/14,25.83
10/2/14,25.69
10/3/14,25.79
10/7/14,25.55
10/8/14,25.38
10/9/14,25.32
10/10/14,24.94
10/13/14,25.06
10/14/14,24.77
10/15/14,24.77
10/16/14,24.43
10/17/14,23.67
10/20/14,24.16
10/21/14,24.39
10/22/14,24.77
10/23/14,24.98
10/24/14,24.94
10/27/14,24.96
10/28/14,25.12
10/29/14,24.87
10/30/14,24.47
10/31/14,24.67
11/3/14,24.57
11/4/14,24.57
11/5/14,24.57
11/6/14,24.57
11/7/14,24.47
11/10/14,24.26
11/11/14,23.96
11/12/14,24.49
11/13/14,24.26
11/14/14,25.2
11/17/14,25.28
11/18/14,26.06
11/19/14,26.3
11/20/14,25.98
11/21/14,26.3
11/24/14,27.22
11/25/14,27.63
11/26/14,27.99
11/27/14,28.34
11/28/14,28.46
12/1/14,28.12
12/2/14,28.14
12/3/14,28.24
12/4/14,28.44
12/5/14,27.73
12/9/14,27.93
12/10/14,27.42
12/11/14,27.12
12/12/14,27.71
12/15/14,27.16
12/16/14,27.63
12/17/14,27.1
12/18/14,27.12
12/19/14,27.63
12/22/14,27.73
12/23/14,28.24
12/29/14,28.95
1/5/15,28.95
1/6/15,28.95
1/7/15,29.52
1/8/15,29.56
1/9/15,29.69
1/12/15,29.97
1/13/15,29.95
1/14/15,30.26
1/19/15,29.97
1/20/15,29.36
1/21/15,29.36
1/22/15,29.32
1/23/15,29.67
1/26/15,29.58
1/27/15,29.58
1/28/15,29.97
1/29/15,29.99
1/30/15,29.97
2/2/15,29.93
2/3/15,30.58
2/4/15,31.99
2/5/15,32.42
2/6/15,32.62
2/9/15,32.6
2/10/15,31.64
2/11/15,31.81
2/12/15,31.97
2/13/15,32.03
2/16/15,32.01
2/17/15,32.01
2/18/15,31.91
2/20/15,31.91
2/23/15,31.81
2/24/15,31.6
2/25/15,31.4
2/26/15,31.6
2/27/15,31.73
3/2/15,32.52
3/3/15,33.38
3/4/15,33.29
3/5/15,34.01
3/6/15,33.93
3/9/15,33.34
3/10/15,32.97
3/11/15,32.58
3/12/15,32.62
3/13/15,31.81
3/16/15,31.46
3/17/15,32.01
3/18/15,32.42
3/19/15,32.05
3/20/15,32.52
3/23/15,32.42
3/24/15,32.23
3/25/15,32.52
3/26/15,32.93
3/27/15,32.93
3/30/15,33.23
3/31/15,34.05
4/1/15,33.42
4/6/15,34.25
4/7/15,34.13
4/8/15,34.01
4/10/15,33.89
4/13/15,34.01
4/14/15,33.99
4/15/15,33.03
4/16/15,32.72
4/17/15,32.5
4/20/15,32.72
4/21/15,32.76
4/22/15,32.93
4/23/15,33.44
4/24/15,33.85
4/27/15,34.33
4/28/15,34.25
4/29/15,33.64
4/30/15,33.74
5/4/15,33.4
5/5/15,33.54
5/6/15,33.34
5/7/15,33.23
5/8/15,33.19
5/11/15,33.03
5/12/15,32.26
5/13/15,31.81
5/14/15,32.21
5/15/15,33.23
5/18/15,32.52
5/19/15,32.58
5/20/15,32.58
5/21/15,32.32
5/22/15,32.48
5/25/15,32.17
5/26/15,32.15
5/27/15,31.17
5/28/15,30.99
5/29/15,31.4
6/1/15,31.07
6/2/15,30.99
6/3/15,30.38
6/4/15,30.36
6/5/15,30.3
6/8/15,29.56
6/9/15,28.03
6/10/15,28.16
6/11/15,28.65
6/15/15,28.38
6/16/15,28.79
6/17/15,28.95
6/18/15,28.95
6/19/15,28.95
6/22/15,28.93
6/23/15,28.97
6/24/15,29.18
6/25/15,29.2
6/26/15,29.05
6/29/15,28.52
6/30/15,29.05
7/1/15,29.56
7/2/15,29.87
7/3/15,29.36
7/6/15,28.71
7/7/15,28.67
7/8/15,28.54
7/9/15,28.69
7/10/15,28.32
7/13/15,28.87
7/14/15,28.87
7/15/15,28.93
7/16/15,29.16
7/20/15,25.18
7/21/15,24.98
7/22/15,22.65
7/23/15,24.06
7/24/15,24.47
7/27/15,24.26
7/28/15,24.16
7/29/15,24.26
7/30/15,24.26
7/31/15,24.34
8/3/15,24.3
8/4/15,24.26
8/5/15,24.22
8/6/15,23.47
8/7/15,23.69
8/10/15,24.06
8/11/15,26
8/12/15,26.51
8/13/15,25.98
8/14/15,26.4
8/17/15,24.67
8/18/15,25.18
8/19/15,25.89
8/20/15,26.28
8/24/15,24.22
8/25/15,24.24
8/26/15,24.67
8/27/15,25.38
8/28/15,26.1
9/1/15,25.55
9/2/15,26.1
9/3/15,26.63
9/4/15,27.52
9/7/15,27.1
9/8/15,26.51
9/9/15,26.71
9/10/15,26.83
9/11/15,27.18
9/14/15,28.03
9/15/15,28.03
9/16/15,27.77
9/17/15,27.61
9/18/15,27.93
9/21/15,28.34
9/22/15,28.42
9/23/15,27.81
9/24/15,27.46
9/28/15,27.48
9/29/15,27.85
9/30/15,27.75
10/1/15,27.87
10/2/15,27.77
10/5/15,28.34
10/6/15,28.67
10/7/15,28.44
10/8/15,28.48
10/9/15,28.5
10/12/15,28.03
10/13/15,28.32
10/14/15,27.24
10/15/15,27.73
10/16/15,26.51
10/19/15,26.3
10/20/15,26.71
10/21/15,26.46
10/22/15,26.46
10/23/15,27.22
10/26/15,27.71
10/27/15,27.67
10/28/15,27.81
10/29/15,27.67
10/30/15,27.3
11/2/15,27.52
11/3/15,28.06
11/4/15,27.89
11/5/15,27.93
11/6/15,27.93
11/9/15,27.77
11/10/15,27.87
11/11/15,27.93
11/12/15,27.73
11/13/15,27.83
11/16/15,27.44
11/17/15,27.69
11/20/15,27.48
11/23/15,27.48
11/24/15,27.73
11/25/15,27.93
11/26/15,27.73
11/27/15,27.73
12/1/15,27.93
12/2/15,27.93
12/3/15,27.91
12/4/15,27.75
12/7/15,27.73
12/8/15,27.73
12/9/15,27.73
12/10/15,27.79
12/11/15,27.52
12/14/15,27.18
12/15/15,27.06
12/16/15,27.24
12/17/15,27.63
12/18/15,27.2
12/21/15,27.24
12/22/15,26.99
12/23/15,27.32
12/28/15,27.52
12/29/15,27.83
1/4/16,27.83
1/5/16,27.52
1/6/16,27.59
1/7/16,26.71
1/8/16,26.69
1/11/16,25.59
1/12/16,25.61
1/13/16,26.3
1/14/16,26
1/15/16,25.79
1/18/16,25.75
1/19/16,25.08
1/20/16,25.16
1/21/16,24.47
1/22/16,24.47
1/25/16,24.67
1/26/16,24.04
1/27/16,24.18
1/28/16,24.16
1/29/16,24.2
2/1/16,24.67
2/2/16,24.98
2/3/16,24.71
2/4/16,25.38
2/5/16,25.71
2/9/16,25.26
2/10/16,24.77
2/11/16,25.1
2/12/16,24.89
2/15/16,24.98
2/16/16,24.87
2/17/16,25.14
2/18/16,25.18
2/19/16,25.08
2/22/16,25.04
2/23/16,24.94
2/24/16,25.02
2/26/16,25.04
2/29/16,25.08
3/1/16,25.93
3/2/16,26.12
3/3/16,25.51
3/4/16,25.69
3/7/16,25.81
3/8/16,26.1
3/9/16,26.3
3/10/16,26.51
3/11/16,27.71
3/14/16,27.61
3/15/16,27.93
3/16/16,27.73
3/17/16,28.14
3/18/16,27.52
3/21/16,27.02
3/22/16,26.67
3/23/16,26.81
3/28/16,26.79
3/29/16,26.71
3/30/16,26.77
3/31/16,26.77
4/1/16,26.61
4/4/16,26.77
4/5/16,26.38
4/6/16,26.1
4/7/16,26.04
4/8/16,25.89
4/11/16,26.08
4/12/16,26.04
4/13/16,26
4/14/16,25.98
4/15/16,25.89
4/18/16,25.79
4/19/16,25.87
4/20/16,25.69
4/21/16,25.69
4/22/16,25.69
4/25/16,25.69
4/26/16,25.91
4/27/16,25.89
4/28/16,26.1
4/29/16,25.89
5/2/16,25.59
5/3/16,25.87
5/4/16,25.89
5/5/16,25.79
5/6/16,25.77
5/10/16,26.1
5/11/16,26.51
5/12/16,26
5/13/16,25.89
5/16/16,26.1
5/17/16,26.12
5/18/16,26.2
5/19/16,26.04
5/20/16,25.89
5/23/16,25.79
5/24/16,25.79
5/25/16,25.93
5/26/16,25.91
5/27/16,26.18
5/30/16,26.38
5/31/16,26.3
6/1/16,26.1
6/2/16,26.44
6/3/16,26.2
6/6/16,26.2
6/7/16,26.38
6/8/16,26.65
6/9/16,26.51
6/10/16,26.36
6/13/16,26.32
6/14/16,26.3
6/15/16,26.26
6/16/16,26.2
6/17/16,26.3
6/20/16,26.4
6/21/16,26.46
6/22/16,24.36
6/23/16,24.63
6/24/16,23.85
6/27/16,25.08
6/28/16,25.08
6/29/16,25.18
6/30/16,25.51
7/1/16,25.61
7/4/16,25.08
7/5/16,25.49
7/7/16,25.28
7/8/16,24.85
7/11/16,24.67
7/12/16,24.57
7/13/16,24.67
7/14/16,24.63
7/15/16,24.53
7/18/16,24.06
7/19/16,24.08
7/20/16,24.26
7/21/16,24.45
7/22/16,24.67
7/25/16,24.47
7/26/16,24.3
7/27/16,24.36
7/28/16,24.3
7/29/16,24.34
8/1/16,24.47
8/2/16,24.34
8/3/16,24.06
8/4/16,24.02
8/5/16,23.85
8/8/16,23.81
8/9/16,23.24
8/10/16,23.63
8/11/16,22.22
8/12/16,20.55
8/15/16,20.8
8/16/16,22.04
8/17/16,21.14
8/18/16,21.57
8/19/16,22.84
8/22/16,23.18
8/23/16,22.94
8/24/16,23.04
8/25/16,22.92
8/26/16,22.79
8/30/16,22.88
8/31/16,22.61
9/1/16,22.67
9/2/16,23.14
9/5/16,23.14
9/6/16,23.14
9/7/16,23.06
9/8/16,22.73
9/9/16,22.53
9/13/16,22.51
9/14/16,22.26
9/15/16,22.29
9/16/16,22.59
9/19/16,22.22
9/20/16,23.28
9/21/16,23.85
9/22/16,23.85
9/23/16,23.75
9/26/16,23.55
9/27/16,23.08
9/28/16,23.32
9/29/16,23.37
9/30/16,23.22
10/3/16,23.39
10/4/16,24.87
10/5/16,24.67
10/6/16,24.47
10/7/16,24.57
10/10/16,24.49
10/11/16,25.28
10/12/16,24.57
10/13/16,24.18
10/14/16,25.02
10/17/16,25.69
10/18/16,25.38
10/19/16,25.79
10/20/16,25.79
10/21/16,25.59
10/24/16,25.38
10/25/16,25.69
10/26/16,25.69
10/27/16,25.87
10/28/16,25.67
11/2/16,25.38
11/3/16,24.98
11/4/16,25.47
11/7/16,25.34
11/8/16,25.49
11/9/16,25.63
11/10/16,25.83
11/11/16,25.28
11/14/16,25.18
11/15/16,25.34
11/16/16,25.36
11/17/16,25.59
11/18/16,27.22
11/21/16,26.51
11/22/16,26.4
11/23/16,26.46
11/24/16,27.32
11/25/16,26.4
11/28/16,26.51
11/29/16,26.71
12/1/16,26.71
12/2/16,26.89
12/5/16,26.87
12/6/16,26.81
12/7/16,26.77
12/8/16,26.77
12/9/16,26.83
12/12/16,26.79
12/13/16,26.75
12/14/16,27.02
12/15/16,26.81
12/16/16,26.81
12/19/16,26.81
12/20/16,26.75
12/21/16,26.89
12/22/16,26.51
12/23/16,26.51
12/27/16,26.51
12/28/16,26.59
12/29/16,26.51
1/3/17,26.65
1/4/17,27.08
1/5/17,27.08
1/6/17,26.91
1/9/17,26.99
1/10/17,27.52
1/11/17,27.32
1/12/17,27.32
1/13/17,27.32
1/16/17,27.3
1/17/17,27.26
1/18/17,27.34
1/19/17,27.93
1/20/17,28.48
1/23/17,28.44
1/24/17,28.3
1/25/17,28.24
1/26/17,28.26
1/27/17,27.85
1/30/17,28.08
1/31/17,27.57
2/1/17,27.65
2/2/17,27.52
2/3/17,27.22
2/6/17,27.69
2/7/17,27.61
2/8/17,27.67
2/9/17,27.67
2/10/17,27.69
2/13/17,27.69
2/14/17,27.73
2/15/17,27.67
2/16/17,27.63
2/17/17,27.93
2/20/17,28.75
2/21/17,28.77
2/22/17,29.56
2/23/17,30.38
2/24/17,28.75
2/27/17,29.05
2/28/17,29.01
3/1/17,29.85
3/2/17,29.77
3/3/17,29.81
3/6/17,30.18
3/7/17,29.97
3/8/17,30.01
3/9/17,30.13
3/10/17,30.05
3/13/17,30.79
3/14/17,30.07
3/15/17,29.85
3/16/17,29.2
3/17/17,29.46
3/20/17,29.54
3/21/17,29.6
3/22/17,29.56
3/23/17,29.6
3/24/17,29.79
3/27/17,29.87
3/28/17,30.07
3/29/17,29.99
3/30/17,30.05
3/31/17,30.09
4/3/17,30.46
4/4/17,31.15
4/5/17,31.66
4/6/17,30.6
4/7/17,30.75
4/10/17,30.85
4/11/17,31.19
4/12/17,30.89
4/17/17,30.69
4/18/17,30.58
4/19/17,30.52
4/20/17,30.46
4/21/17,30.3
4/24/17,30.3
4/25/17,30.5
4/26/17,30.54
4/27/17,30.38
5/2/17,30.81
5/3/17,31.48
5/4/17,31.6
5/5/17,31.56
5/8/17,33.15
5/9/17,32.56
5/10/17,33.03
5/11/17,33.09
5/12/17,32.42
5/15/17,32.15
5/16/17,32.17
5/17/17,32.38
5/18/17,32.42
5/19/17,32.21
5/22/17,32.19
5/23/17,32.79
5/24/17,32.38
5/25/17,32.36
5/26/17,32.17
5/29/17,32.17
5/30/17,32.17
5/31/17,32.21
6/1/17,32.19
6/2/17,32.11
6/5/17,32.62
6/6/17,32.7
6/7/17,33.01
6/8/17,32.72
6/9/17,32.72
6/13/17,32.62
6/14/17,32.62
6/15/17,32.17
6/16/17,32.6
6/19/17,32.7
6/20/17,32.7
6/21/17,32.74
6/22/17,32.64
6/23/17,32.7
6/27/17,33.03
6/28/17,32.89
6/29/17,32.83
6/30/17,32.72
7/3/17,32.72
7/4/17,32.66
7/5/17,32.64
7/6/17,32.72
7/7/17,32.68
7/10/17,32.68
7/11/17,32.76
7/12/17,32.83
7/13/17,32.72
7/14/17,32.68
7/17/17,32.66
7/18/17,32.64
7/19/17,33.09
7/20/17,33.68
7/21/17,34.25
7/24/17,34.27
7/25/17,34.86
7/26/17,35.48
7/27/17,35.62
7/28/17,35.23
7/31/17,34.56
8/1/17,34.05
8/2/17,33.83
8/3/17,34.03
8/4/17,34.15
8/7/17,34.21
8/8/17,33.95
8/9/17,33.8
8/10/17,33.91
8/11/17,33.8
8/14/17,34.66
8/15/17,34.46
8/16/17,35.88
8/17/17,35.62
8/18/17,34.66
8/22/17,34.64
8/23/17,34.66
8/24/17,34.86
8/25/17,34.6
8/29/17,34.42
8/30/17,34.86
8/31/17,35.4
9/4/17,35.5
9/5/17,35.56
9/6/17,35.33
9/7/17,36.09
9/8/17,36.29
9/11/17,36.5
9/13/17,37.19
9/14/17,38.33
9/15/17,39.15
9/18/17,39.07
9/19/17,37.92
9/20/17,37.64
9/21/17,37.8
9/22/17,37.92
9/25/17,37.19
9/26/17,36.99
9/27/17,37.11
9/28/17,38.66
9/29/17,38.09
10/2/17,38
10/3/17,37.6
10/4/17,37.47
10/5/17,35.56
10/6/17,37.52
10/9/17,37.56
10/10/17,37.03
10/11/17,36.82
10/12/17,36.7
10/13/17,36.09
10/17/17,35.48
10/18/17,34.05
10/19/17,34.25
10/20/17,33.52
10/23/17,33.36
10/24/17,34.91
10/25/17,34.7
10/26/17,34.7
10/27/17,34.7
10/30/17,34.66
11/2/17,33.85
11/3/17,33.68
11/6/17,34.21
11/7/17,34.21
11/8/17,34.09
11/9/17,31.4
11/10/17,31.24
11/13/17,30.26
11/14/17,31.56
11/15/17,30.58
11/16/17,30.5
11/17/17,30.01
11/20/17,29.65
11/21/17,29.44
11/22/17,29.97
11/23/17,30.22
11/24/17,29.77
11/27/17,30.99
11/28/17,28.83
11/29/17,29.36
12/1/17,28.87
12/4/17,28.83
12/5/17,29.12
12/6/17,28.95
12/7/17,30.99
12/8/17,30.13
12/11/17,30.66
12/12/17,30.13
12/13/17,30.83
12/14/17,30.18
12/15/17,28.63
12/18/17,29.24
12/19/17,29.4
12/20/17,30.18
12/21/17,29.36
12/22/17,30.01
12/27/17,30.09
12/28/17,30.58
12/29/17,30.01
1/3/18,29.44
1/4/18,29.6
1/5/18,29.65
1/8/18,29.36
1/9/18,29.81
1/10/18,30.99
1/11/18,30.87
1/12/18,30.18
1/15/18,30.26
1/16/18,31.4
1/17/18,31.56
1/18/18,31.32
1/19/18,31.44
1/22/18,31.15
1/23/18,31.52
1/24/18,30.87
1/25/18,31.56
1/26/18,31.44
1/29/18,31.15
1/30/18,30.99
1/31/18,30.91
2/1/18,30.38
2/2/18,30.91
2/5/18,30.18
2/6/18,29.4
2/7/18,29.77
2/8/18,29.36
2/9/18,29.2
2/12/18,28.79
2/13/18,29.03
2/14/18,29.69
2/15/18,28.67
2/19/18,28.95
2/20/18,29.6
2/21/18,30.13
2/22/18,29.89
2/23/18,30.42
2/26/18,31.15
2/27/18,30.18
2/28/18,30.01
3/1/18,30.01
3/2/18,29.93
3/5/18,29.32
3/6/18,28.63
3/7/18,27.57
3/8/18,27.57
3/9/18,27.36
3/12/18,26.91
3/13/18,26.83
3/14/18,27.08
3/15/18,26.83
3/16/18,26.34
3/19/18,24.59
3/20/18,24.26
3/21/18,24.22
3/22/18,25.45
3/23/18,25.24
3/26/18,24.75
3/27/18,24.96
3/28/18,24.71
4/2/18,25.45
4/3/18,25.77
4/4/18,26.79
4/5/18,26.1
4/6/18,26.38
4/10/18,25.85
4/11/18,24.51
4/12/18,25.77
4/13/18,25.61
4/16/18,25.4
4/17/18,25.28
4/18/18,24.63
4/19/18,24.55
4/20/18,24.67
4/23/18,24.47
4/24/18,24.34
4/25/18,24.22
4/26/18,24.14
4/27/18,24.67
4/30/18,25.16
5/2/18,24.39
5/3/18,24.26
5/4/18,23.77
5/7/18,22.55
5/8/18,22.84
5/9/18,23.04
5/10/18,23
5/11/18,23.65
5/15/18,23.9
5/16/18,24.22
5/17/18,24.3
5/18/18,23.65
5/21/18,24.18
5/22/18,23.45
5/23/18,23.61
5/24/18,23
5/25/18,22.84
5/28/18,23.16
5/29/18,23.08
5/30/18,23.04
5/31/18,23.32
6/1/18,23.45
6/4/18,23.65
6/5/18,24.51
6/6/18,24.26
6/7/18,24.92
6/8/18,24.47
6/11/18,25.61
6/13/18,25.2
6/14/18,25
6/18/18,24.39
6/19/18,23.85
6/20/18,23.85
6/21/18,23.49
6/22/18,23.73
6/25/18,24.47
6/26/18,24.22
6/27/18,24.55
6/28/18,24.51
6/29/18,24.71
7/2/18,24.96
7/3/18,24.92
7/4/18,25.12
7/5/18,25.12
7/6/18,25.04
7/9/18,25.04
7/10/18,25.4
7/11/18,25.93
7/12/18,25.69
7/13/18,25.98
7/16/18,25.81
7/17/18,25.81
7/18/18,25.81
7/19/18,25.69
7/20/18,25.73
7/23/18,25.69
7/24/18,26.95
7/25/18,26.51
7/26/18,26.02
7/27/18,25.77
7/30/18,26.1
7/31/18,25.85
8/1/18,26.34
8/2/18,26.71
8/3/18,26.71
8/6/18,26.34
8/7/18,26.26
8/8/18,26.26
8/9/18,25.98
8/10/18,26.1
8/13/18,26.02
8/14/18,25.53
8/15/18,25.12
8/16/18,24.47
8/17/18,24.47
8/20/18,23.77
8/22/18,24.22
8/23/18,24.39
8/24/18,23.85
8/28/18,23.81
8/29/18,23.57
8/30/18,23.73
8/31/18,23.65
9/3/18,24.1
9/4/18,24.87
9/5/18,24.47
9/6/18,24.06
9/7/18,23.65
9/10/18,24.06
9/11/18,23.73
9/12/18,23.9
9/13/18,23.85
9/14/18,23.65
9/17/18,23.32
9/18/18,22.75
9/19/18,22.02
9/20/18,21.69
9/21/18,22.14
9/24/18,22.55
9/25/18,22.39
9/26/18,21.98
9/27/18,22.02
9/28/18,21.78
10/1/18,21.2
10/2/18,19.98
10/3/18,20.14
10/4/18,20.39
10/5/18,20.47
10/8/18,20.8
10/9/18,20.14
10/10/18,20.1
10/11/18,20.39
10/12/18,21.2
10/15/18,21.2
10/16/18,21.29
10/17/18,22.06
10/18/18,22.75
10/19/18,24.06
10/22/18,23.32
10/23/18,23.49
10/24/18,23.04
10/25/18,22.18
10/26/18,21.69
10/29/18,22.18
10/30/18,22.67
10/31/18,22.79
11/5/18,23.61
11/6/18,23.65
11/7/18,23.57
11/8/18,21.2
11/9/18,20.8
11/12/18,21.29
11/13/18,21.25
11/14/18,21.29
11/15/18,21.41
11/16/18,21.2
11/19/18,21.2
11/20/18,21.2
11/21/18,20.39
11/22/18,20.18
11/23/18,20.88
11/26/18,21.94
11/27/18,21.25
11/28/18,21.12
11/29/18,21.37
12/3/18,21.73
12/4/18,21.2
12/5/18,20.55
12/6/18,20.35
12/7/18,20.02
12/10/18,19.98
12/11/18,19.98
12/12/18,19.98
12/13/18,19.74
12/14/18,19.57
12/17/18,19
12/18/18,19.08
12/19/18,19.53
12/20/18,19.17
12/21/18,18.35
12/26/18,19
12/27/18,19.17
12/28/18,18.8
1/2/19,18.92
1/3/19,19.7
1/4/19,20.14
1/7/19,20.31
1/8/19,19.9
1/9/19,20.06
1/10/19,19.9
1/11/19,19.82
1/14/19,19.65
1/15/19,19.65
1/16/19,19.7
1/17/19,19.57
1/18/19,19.57
1/21/19,19.74
1/22/19,19.94
1/23/19,19.9
1/24/19,18.84
1/25/19,18.8
1/28/19,18.96
1/29/19,19.17
1/30/19,18.92
1/31/19,19.33
2/1/19,19.17
2/4/19,19.25
2/6/19,19.7
2/7/19,19.49
2/8/19,19.33
2/11/19,19.21
2/12/19,19
2/13/19,19.33
2/14/19,18.96
2/15/19,18.8
2/18/19,18.43
2/19/19,18.35
2/20/19,18.43
2/21/19,18.55
2/22/19,18.55
2/26/19,18.68
2/27/19,18.64
2/28/19,18.35
3/1/19,17.74
3/4/19,16.6
3/5/19,16.23
3/6/19,16.28
3/7/19,16.31
3/8/19,16.6
3/11/19,16.31
3/12/19,16.39
3/13/19,16.23
3/14/19,17.13
3/15/19,17.62
3/18/19,18.35
3/19/19,17.94
3/20/19,18.92
3/21/19,18.68
3/22/19,18.76
3/25/19,18.39
3/26/19,18.47
3/27/19,18.59
3/28/19,17.9
3/29/19,17.9
4/1/19,17.58
4/2/19,17.94
4/3/19,17.94
4/4/19,17.86
4/5/19,17.82
4/8/19,17.94
4/10/19,18.23
4/11/19,19
4/12/19,19.04
4/15/19,19.45
4/16/19,19.98
4/17/19,19.82
4/22/19,19.33
4/23/19,19.29
4/24/19,19.33
4/25/19,19.33
4/26/19,19.25
4/29/19,19.25
4/30/19,19.45
5/2/19,19.33
5/3/19,19.57
5/6/19,19.29
5/7/19,19.29
5/8/19,18.76
5/9/19,18.27
5/10/19,17.7
5/14/19,18.23
5/15/19,17.94
5/16/19,17.94
5/17/19,17.9
5/20/19,17.94
5/21/19,18.19
5/22/19,17.94
5/23/19,18.23
5/24/19,18.23
5/27/19,18.06
5/28/19,18.35
5/29/19,17.9
5/30/19,17.37
5/31/19,17.94
6/3/19,17.9
6/4/19,17.53
6/6/19,17.78
6/7/19,17.86
6/10/19,17.82
6/11/19,17.78
6/13/19,17.94
6/14/19,17.74
6/17/19,17.94
6/18/19,17.74
6/19/19,17.53
6/20/19,17.94
6/21/19,17.78
6/24/19,18.02
6/25/19,18.27
6/26/19,18.55
6/27/19,18.59
6/28/19,18.88
7/1/19,19.12
7/2/19,19.33
7/3/19,18.76
7/4/19,18.59
7/5/19,18.51
7/8/19,18.59
7/9/19,18.96
7/10/19,18.76
7/11/19,18.19
7/12/19,18.35
7/15/19,18.59
7/16/19,19.53
7/17/19,19.17
7/18/19,19.37
7/19/19,19.57
7/22/19,19.65
7/23/19,20.02
7/24/19,20.02
7/25/19,20.02
7/26/19,19.41
7/29/19,19.49
7/30/19,19
7/31/19,18.76
8/1/19,18.76
8/2/19,18.88
8/5/19,18.76
8/6/19,18.39
8/7/19,18.31
8/8/19,18.27
8/9/19,18.68
8/13/19,19.17
8/14/19,18.68
8/15/19,18.51
8/16/19,18.19
8/19/19,18.76
8/20/19,18.72
8/22/19,18.59
8/23/19,18.47
8/27/19,18.68
8/28/19,18.76
8/29/19,18.76
8/30/19,18.92
9/2/19,18.76
9/3/19,18.76
9/4/19,18.8
9/5/19,18.59
9/6/19,19.04
9/9/19,18.88
9/10/19,19.08
9/11/19,19.08
9/12/19,19.33
9/13/19,19.37
9/16/19,19.53
9/17/19,19.08
9/18/19,19.17
9/19/19,19.17
9/20/19,18.8
9/23/19,18.47
9/24/19,18.23
9/25/19,18.55
9/26/19,18.51
9/27/19,17.98
9/30/19,18.59
10/1/19,18.02
10/2/19,17.98
10/3/19,18.23
10/4/19,17.82
10/7/19,18.11
10/8/19,18.76
10/9/19,18.76
10/10/19,18.68
10/11/19,18.68
10/14/19,18.76
10/15/19,18.76
10/16/19,18.59
10/17/19,18.72
10/18/19,18.35
10/21/19,18.55
10/22/19,18.84
10/23/19,19.17
10/24/19,19.17
10/25/19,19.41
10/28/19,19.33
10/29/19,19.04
10/30/19,19.04
10/31/19,19.04
11/4/19,19.29
11/5/19,18.76
11/6/19,18.8
11/7/19,19.12
11/8/19,19.41
11/11/19,19.29
11/12/19,19.21
11/13/19,19.21
11/14/19,19.33
11/15/19,19.49
11/18/19,19.29
11/19/19,19.08
11/20/19,17.82
11/21/19,16.12
11/22/19,16.92
11/25/19,16.72
11/26/19,17.94
11/27/19,17.86
11/28/19,17.82
11/29/19,17.78
12/2/19,17.62
12/3/19,17.13
12/4/19,17
12/5/19,16.96
12/6/19,16.31
12/9/19,16.47
12/10/19,16.43
12/11/19,16.64
12/12/19,16.43
12/13/19,16.64
12/16/19,17.05
12/17/19,17.13
12/18/19,17.29
12/19/19,17.21
12/20/19,17.58
12/23/19,17.78
12/26/19,17.9
12/27/19,17.94
1/2/20,17.94
1/3/20,18.11
1/6/20,17.94
1/7/20,18.11
1/8/20,17.94
1/9/20,18.02
1/10/20,17.94
1/14/20,17.86
1/15/20,17.86
1/16/20,17.66
1/17/20,17.78
1/20/20,17.53
1/21/20,17.53
1/22/20,17.21
1/23/20,17.53
1/24/20,17.94
1/27/20,17.66
1/28/20,16.84
1/29/20,16.31
1/30/20,16.31
1/31/20,17.94
2/3/20,16.6
2/4/20,16.47
2/5/20,16.51
2/6/20,16.6
2/7/20,16.96
2/10/20,16.56
2/11/20,16.56
2/12/20,16.31
2/13/20,16.47
2/14/20,16.23
2/17/20,16.23
2/18/20,16.43
2/19/20,16.47
2/20/20,16.47
2/21/20,16.23
2/24/20,15.9
2/26/20,15.72
2/27/20,15.9
2/28/20,15.82
3/2/20,15.61
3/3/20,15.66
3/4/20,15.84
3/5/20,15.87
3/6/20,15.89
3/9/20,15.5
3/10/20,14.27
3/11/20,14.11
3/12/20,11.79
3/13/20,10.44
3/16/20,9.92
3/19/20,7.27
3/20/20,7.42
3/23/20,8.64
3/24/20,8.66
3/25/20,8.81
3/26/20,8.81
3/27/20,8.64
3/30/20,8.73
3/31/20,8.97
4/1/20,9.33
4/2/20,9.33
4/3/20,9.64
4/6/20,9.66
4/7/20,9.79
4/8/20,9.46
4/13/20,9.95
4/14/20,10.11
4/15/20,10.7
4/16/20,10.19
4/17/20,10.28
4/20/20,10.41
4/21/20,9.95
4/22/20,9.79
4/23/20,9.79
4/24/20,9.64
4/27/20,10.28
4/28/20,9.77
4/29/20,9.87
4/30/20,9.87
5/4/20,9.87
5/5/20,9.87
5/6/20,9.67
5/7/20,9.62
5/8/20,9.62
5/11/20,9.59
5/12/20,9.71
5/13/20,9.54
5/14/20,9.75
5/15/20,9.64
5/18/20,9.35
5/19/20,9.38
5/20/20,9.23
5/21/20,9.13
5/22/20,9.22
5/26/20,8.97
5/27/20,9.57
5/28/20,9.23
5/29/20,8.99
6/1/20,9.05
6/2/20,9.15
6/3/20,9.28
6/4/20,9.59
6/5/20,10.41
6/8/20,11.52
6/9/20,11.42
6/10/20,11.17
6/11/20,11.03
6/15/20,10.6
6/16/20,10.59
6/17/20,10.63
6/18/20,10.63
6/19/20,10.5
6/22/20,10.6
6/23/20,10.6
6/24/20,10.57
6/25/20,10.19
6/26/20,10.34
6/29/20,10.24
6/30/20,10.34
7/1/20,10.28
7/2/20,10.31
7/3/20,10.36
7/6/20,10.34
7/7/20,10.19
7/8/20,10.08
7/9/20,9.82
7/10/20,9.71
7/13/20,9.79
7/14/20,9.71
7/15/20,9.46
7/16/20,9.05
7/17/20,9.07
7/20/20,8.4
7/21/20,8.42
7/22/20,7.75
7/23/20,7.72
7/24/20,7.69
7/27/20,7.75
7/28/20,7.91
7/29/20,8.07
7/30/20,8.11
8/3/20,7.79
8/4/20,8.16
8/5/20,8.51
8/6/20,8.27
8/7/20,8.35
8/10/20,7.67
8/11/20,7.67
8/12/20,7.74
8/13/20,7.83
8/14/20,7.37
8/17/20,7.52
8/18/20,7.81
8/19/20,7.79
8/20/20,7.72
8/24/20,7.7
8/25/20,7.67
8/26/20,7.54
8/27/20,7.65
8/28/20,7.68
9/1/20,8.03
9/2/20,7.99
9/3/20,7.89
9/4/20,7.67
9/7/20,7.86
9/8/20,7.98
9/9/20,8.12
9/10/20,7.92
9/11/20,7.98
9/14/20,8.11
9/15/20,8.06
9/16/20,8.03
9/17/20,8.02
9/18/20,7.99
9/21/20,8.04
9/22/20,8.11
9/23/20,8.16
9/24/20,8.11
9/25/20,8.16
9/28/20,8.17
9/29/20,8.16
9/30/20,8.14
10/1/20,7.95
10/2/20,8.11
10/5/20,8.15
10/6/20,8.04
10/7/20,8.09
10/8/20,8.38
10/9/20,8.76
10/12/20,8.95
10/13/20,8.79
10/14/20,8.81
10/15/20,9.3
10/16/20,9.62
10/19/20,9.72
10/20/20,9.75
10/21/20,9.74
10/22/20,9.4
10/23/20,9.54
10/26/20,9.79
10/27/20,9.51
10/28/20,8.76
10/29/20,8.4
10/30/20,8.64
11/3/20,8.79
11/4/20,8.82
11/5/20,8.82
11/6/20,8.86
11/9/20,8.87
11/10/20,9.2
11/11/20,9.44
11/13/20,9.56
11/16/20,9.46
11/17/20,9.22
11/18/20,9.15
11/19/20,9.33
11/20/20,9.72
11/23/20,10.31
11/24/20,10.06
11/25/20,10.31
11/26/20,9.92
11/27/20,10.11
12/1/20,9.92
12/2/20,9.79
12/3/20,9.79
12/4/20,9.82
12/7/20,10.23
12/9/20,10.99
12/10/20,10.86
12/11/20,11.14
12/14/20,11.22
12/15/20,11.5
12/16/20,12.09
12/17/20,11.99
12/18/20,12.17
12/21/20,11.78
12/22/20,11.24
12/23/20,11.73
12/28/20,11.3
12/29/20,11.24
1/4/21,11.42
1/5/21,10.72
1/6/21,10.5
1/7/21,11.01
1/8/21,11.25
1/11/21,11.42
1/12/21,11.25
1/13/21,11.42
1/14/21,11.37
1/15/21,11.25
1/18/21,11.12
1/19/21,11.09
1/20/21,11.01
1/21/21,10.85
1/22/21,10.81
1/25/21,10.6
1/26/21,10.05
1/27/21,10.44
1/28/21,10.46
1/29/21,10.02
2/1/21,10.05
2/2/21,10.15
2/3/21,10.36
2/4/21,10.34
2/5/21,10.44
2/8/21,10.41
2/9/21,10.44
2/10/21,10.5
2/11/21,10.44
2/15/21,10.5
2/16/21,10.36
2/17/21,10.47
2/18/21,10.47
2/19/21,10.34
2/22/21,10.29
2/23/21,10.24
2/24/21,10.47
2/26/21,10.41
3/1/21,10.37
3/2/21,10.44
3/3/21,10.52
3/4/21,10.54
3/5/21,10.5
3/8/21,10.39
3/9/21,10.16
3/10/21,10.21
3/11/21,10.19
3/12/21,10.19
3/15/21,9.75
3/16/21,9.77
3/17/21,9.77
3/18/21,9.74
3/19/21,10.03
3/22/21,9.67
3/23/21,9.61
3/24/21,9.79
3/25/21,10.86
3/26/21,10.85
3/29/21,11.09
3/30/21,11.09
3/31/21,11.08
4/5/21,11.06
4/6/21,10.99
4/7/21,10.08
4/8/21,9.92
4/12/21,9.79
4/13/21,9.61
4/14/21,9.77
4/15/21,9.79
4/16/21,9.92
4/19/21,9.92
4/20/21,9.92
4/21/21,9.93
4/22/21,9.8
4/23/21,9.79
4/26/21,9.82
4/27/21,9.84
4/28/21,9.92
4/29/21,9.98
4/30/21,10.03
5/3/21,10.18
5/4/21,10.13
5/5/21,10.29
5/6/21,10.36
5/7/21,10.29
5/10/21,10.59
5/11/21,10.28
5/12/21,10
5/14/21,10.19
5/17/21,10.19
5/18/21,10.29
5/19/21,10.36
5/20/21,10.37
5/21/21,10.29
5/24/21,10.34
5/25/21,10.52
5/26/21,10.55
5/27/21,10.62
5/28/21,10.75
5/31/21,10.72
6/1/21,10.9
6/2/21,11.14
6/3/21,11.45
6/4/21,11.27
6/7/21,11.42
6/8/21,11.73
6/9/21,11.65
6/10/21,11.42
6/11/21,11.56
6/14/21,11.66
6/15/21,12.07
6/16/21,11.91
6/17/21,11.68
6/18/21,11.39
6/21/21,11.58
6/22/21,11.63
6/23/21,11.79
6/24/21,11.74
6/25/21,11.65
6/28/21,11.7
6/29/21,11.91
6/30/21,12.02
7/1/21,12.59
7/2/21,13.03
7/5/21,13.7
7/6/21,13.62
7/7/21,13.29
7/8/21,13.68
7/9/21,13.54
7/12/21,13.7
7/13/21,13.54
7/14/21,13.95
7/15/21,14.34
7/16/21,13.99
7/19/21,13.62
7/21/21,13.44
7/22/21,13.67
7/23/21,13.38
7/26/21,13.02
7/27/21,13.36
7/28/21,13.1
7/29/21,13.47
7/30/21,13.31
8/2/21,13.33
8/3/21,14.26
8/4/21,14.11
8/5/21,14.03
8/6/21,13.95
8/9/21,14.16
8/10/21,14.75
8/11/21,14.52
8/12/21,13.98
8/13/21,13.54
8/16/21,13.95
8/17/21,14.27
8/18/21,14.26
8/19/21,14.11
8/20/21,13.72
8/23/21,13.29
8/24/21,13.54
8/25/21,13.34
8/26/21,13.47
8/27/21,13.46
8/31/21,13.83
9/1/21,14.65
9/2/21,14.78
9/3/21,14.71
9/6/21,14.86
9/7/21,14.68
9/8/21,14.76
9/9/21,14.75
9/10/21,14.75
9/13/21,15.15
9/14/21,15.33
9/15/21,15.41
9/16/21,15.82
9/17/21,15.66
9/20/21,15.09
9/21/21,14.88
9/22/21,15.22
9/23/21,15.32
9/24/21,15.45
9/27/21,15.3
9/28/21,15.17
9/29/21,15.51
9/30/21,17.13
10/1/21,18.19
10/4/21,19.53
10/5/21,19.41
10/6/21,20.39
10/7/21,19.74
10/8/21,20.31
10/11/21,20.76
10/12/21,22.84
10/13/21,24.87
10/14/21,24.06
10/15/21,24.55
10/18/21,24.3
10/19/21,23.85
10/20/21,23.77
10/21/21,24.51
10/22/21,23.85
10/25/21,23.85
10/26/21,24.33
10/27/21,25.11
10/28/21,22.6
10/29/21,22.55
11/2/21,20.82
11/3/21,20.82
11/4/21,21.12
11/5/21,21.04
11/8/21,20.73
11/9/21,20.73
11/10/21,20.73
11/11/21,20.3
11/12/21,19.17
11/15/21,18.3
11/16/21,19.43
11/17/21,20.82
11/18/21,20.21
11/19/21,19.26
11/22/21,19.08
11/23/21,19.95
11/24/21,19.99
11/25/21,19.95
11/26/21,19.95
11/29/21,19.82
12/1/21,20.04
12/2/21,20.3
12/3/21,19.47
12/6/21,19.39
12/7/21,18.69
12/9/21,18.82
12/10/21,18.56
12/13/21,18.82
12/14/21,19
12/15/21,18.43
12/16/21,18.43
12/17/21,18.22
12/20/21,18.22
12/21/21,17.87
12/22/21,18.13
12/23/21,18.95
12/24/21,18.82
12/27/21,18.65
12/28/21,18.69
12/29/21,18.91
12/31/21,18.52
1/3/22,19.6
1/5/22,20.73
1/6/22,20.47
1/7/22,20.52
1/10/22,20.95
1/11/22,20.26
1/12/22,20.65
1/13/22,20.78
1/14/22,21.04
1/17/22,21.69
1/18/22,21.47
1/19/22,21.17
1/20/22,21.69
1/21/22,21.34
1/24/22,20.95
1/25/22,20.99
1/26/22,21.17
1/27/22,20.82
1/28/22,21.17
1/31/22,21.73
2/2/22,21.95
2/3/22,21.47
2/4/22,21.51
2/7/22,21.77
2/8/22,22.42
2/9/22,22.73
2/10/22,22.55
2/11/22,22.38
2/14/22,22.64
2/15/22,22.55
2/16/22,22.64
2/17/22,23.29
2/18/22,23.16
2/21/22,23.33
2/22/22,23.33
2/23/22,22.81
2/24/22,21.69
2/28/22,24.03
3/1/22,24.59
3/2/22,26.37
3/3/22,28.37
3/4/22,27.67
3/7/22,29.58
3/8/22,29.19
3/9/22,27.8
3/10/22,28.11
3/11/22,26.89
3/14/22,25.07
3/15/22,24.29
3/16/22,25.59
3/17/22,25.33
3/18/22,27.11
3/21/22,27.37
3/22/22,26.8
3/23/22,27.06
3/24/22,27.67
3/25/22,27.41
3/28/22,27.76
3/29/22,26.46
3/30/22,26.41
3/31/22,26.63
4/1/22,26.59
4/4/22,26.33
4/5/22,26.54
4/6/22,27.32
4/7/22,26.89
4/8/22,27.28
4/11/22,26.8
4/12/22,26.67
4/13/22,26.59
4/18/22,26.28
4/19/22,26.41
4/20/22,26.28
4/21/22,26.89
4/22/22,26.72
4/25/22,25.07
4/26/22,24.55
4/27/22,23.64
4/28/22,23.42
4/29/22,23.85
5/2/22,23.85
5/4/22,23.64
5/5/22,24.72
5/6/22,24.55
5/10/22,23.51
5/11/22,24.46
5/12/22,25.33
5/13/22,24.51
5/16/22,25.03
5/17/22,25.81
5/18/22,27.11
5/19/22,27.32
5/20/22,28.19
5/23/22,28.19
5/24/22,28.63
5/25/22,29.06
5/26/22,28.11
5/27/22,28.67
5/30/22,29.06
5/31/22,28.63
6/1/22,30.58
6/2/22,31.18
6/3/22,32.1
6/6/22,31.18
6/7/22,31.66
6/8/22,31.58
6/9/22,30.97
6/10/22,29.58
6/13/22,29.41
6/14/22,29.93
6/15/22,29.49
6/16/22,30.32
6/17/22,30.97
6/20/22,30.36
6/21/22,30.97
6/22/22,30.36
6/23/22,29.06
6/24/22,29.28
6/27/22,28.54
6/28/22,30.06
6/29/22,29.8
6/30/22,30.36
7/1/22,31.23
7/4/22,31.4
7/5/22,32.18
7/6/22,31.53
7/7/22,31.66
7/8/22,31.88
7/11/22,32.01
7/12/22,32.96
7/13/22,33.4
7/14/22,33.83
7/15/22,33.05
7/18/22,32.92
7/19/22,34.05
7/20/22,35.31
7/21/22,35.74
7/22/22,35.09
7/25/22,34.7
7/26/22,34.87
7/27/22,35.57
7/28/22,36
7/29/22,36
8/1/22,34.83
8/2/22,35.18
8/3/22,35.44
8/4/22,35.48
8/5/22,35.57
8/8/22,34.26
8/9/22,34.26
8/10/22,34.31
8/11/22,35.05
8/12/22,35.61
8/15/22,36.91
8/16/22,38.17
8/17/22,38.25
8/18/22,37.13
8/19/22,37.73
8/22/22,37.47
8/23/22,36.61
8/24/22,37.3
8/25/22,37.04
8/26/22,36.91
8/30/22,36.61
8/31/22,35.65
9/1/22,36.39
9/2/22,36.48
9/5/22,35.91
9/6/22,36.95
9/7/22,36.22
9/8/22,36
9/9/22,36.43
9/12/22,35.74
9/13/22,35.57
9/14/22,35.48
9/15/22,35.61
9/16/22,35.61
9/19/22,35.52
9/20/22,35.09
9/21/22,35.74
9/22/22,35.61
9/23/22,35.57
9/27/22,35.13
9/28/22,33.48
9/29/22,34.09
9/30/22,33.83
10/3/22,33.61
10/4/22,34.7
10/5/22,34.7
10/6/22,34.91
10/7/22,35.05
10/10/22,34.91
10/11/22,34.7
10/12/22,34.09
10/13/22,34.09
10/14/22,35.13
10/17/22,36
10/18/22,36.04
10/19/22,36.3
10/20/22,35.44
10/21/22,35.65
10/24/22,35.96
10/25/22,35.83
10/26/22,35.16
10/27/22,35.21
10/28/22,33.12
11/2/22,32.03
11/3/22,33.41
11/4/22,32.37
11/7/22,31.32
11/8/22,29.85
11/9/22,27.96
11/10/22,28.2
11/11/22,29.1
11/14/22,28.48
11/15/22,28.39
11/16/22,28.62
11/17/22,28.95
11/18/22,28.95
11/21/22,30.33
11/22/22,29.71
11/23/22,29.48
11/24/22,29.71
11/25/22,29.05
11/28/22,31.85
11/29/22,31.89
12/1/22,32.51
12/2/22,31.13
12/5/22,30.52
12/6/22,31.75
12/7/22,31.85
12/9/22,31.47
12/12/22,31.47
12/13/22,31.61
12/14/22,31.8
12/15/22,31.7
12/16/22,31.66
12/19/22,31.23
12/20/22,31.75
12/21/22,33.08
12/22/22,33.31
12/23/22,33.17
12/27/22,32.6
12/28/22,32.94
12/29/22,32.7
1/3/23,33.03
1/4/23,34.12
1/5/23,34.12
1/6/23,33.74
1/9/23,34.03
1/10/23,34.03
1/11/23,33.74
1/12/23,33.08
1/13/23,33.03
1/16/23,31.85
1/17/23,32.03
1/18/23,32.7
1/19/23,33.08
1/20/23,33.12
1/23/23,32.94
1/24/23,31.75
1/25/23,31.75
1/26/23,32.08
1/27/23,32.79
1/30/23,31.28
1/31/23,30.33
2/1/23,29.57
2/2/23,30.14
2/3/23,29.19
2/6/23,28.67
2/7/23,28.67
2/8/23,30.09
2/9/23,29.67
2/10/23,29.95
2/13/23,30.09
2/14/23,29.48
2/15/23,29.38
2/16/23,29.24
2/17/23,29.38
2/20/23,29.05
2/21/23,29.1
2/22/23,28.72
2/23/23,28.76
2/27/23,28.39
2/28/23,28.43
3/1/23,28.48
3/2/23,28.91
3/3/23,28.72
3/6/23,28.95
3/7/23,29.19
3/8/23,28.34
3/9/23,27.01
3/10/23,27.77
3/13/23,28.1
3/14/23,28.15
3/15/23,28.43
3/16/23,28.34
3/17/23,29.14
3/20/23,28.86
3/21/23,28.62
3/22/23,28.72
3/23/23,28.62
3/24/23,28.67
3/27/23,29.33
3/28/23,31.13
3/29/23,31.32
3/30/23,31.32
3/31/23,30.66
4/3/23,30.9
4/4/23,30.85
4/5/23,29.3
4/11/23,29
4/12/23,29.3
4/13/23,28.6
4/14/23,28.6
4/17/23,28.5
4/18/23,28.2
4/19/23,28
4/20/23,28
4/24/23,27.7
4/25/23,27.3
4/26/23,27.4
4/27/23,27.4
4/28/23,27
5/2/23,27.6
5/3/23,28
5/4/23,28.3
5/5/23,28.4
5/8/23,28
5/9/23,28
5/10/23,27.95
5/11/23,27.75
5/12/23,27.95
5/15/23,28.1
5/16/23,27.95
5/17/23,28.3
5/18/23,28.75
5/19/23,29
5/22/23,29.05
5/23/23,28.95
5/24/23,28.6
5/25/23,28.5
5/26/23,28.2
5/29/23,29.05
5/30/23,28.3
5/31/23,28
6/1/23,28.2
6/2/23,28.1
6/5/23,28.2
6/6/23,28.2
6/7/23,28.2
6/8/23,28.25
6/9/23,28.25
6/13/23,28.25
6/14/23,28.2
6/15/23,28.2
6/16/23,27.6
6/19/23,28.1
6/20/23,28.85
6/21/23,28
6/22/23,28
6/23/23,28
6/26/23,28
6/27/23,28
6/29/23,28.1
6/30/23,28